"Categoria","Producto","Marca","Nombre del archivo de la foto"
"1-Arabes","Afeef Lattafa 100 ML","Lattafa","afeef-lattafa-100-ml.jpg"
"1-Arabes","Ajwad Lattafa 100 ML","Lattafa","ajwad-lattafa-100-ml.jpg"
"1-Arabes","Amber Oud Gold Edition Cofre 100 ML","Al Haramain","amber-oud-gold-edition-cofre-100-ml.jpg"
"1-Arabes","Arte del Universo 100 ML","Maison Alhambra","arte-del-universo-100-ml.jpg"
"1-Arabes","Asad Bourbon 100 ML","Lattafa","asad-bourbon-100-ml.jpg"
"1-Arabes","Asad Lattafa 100 ML","Lattafa","asad-lattafa.jpg"
"1-Arabes","Asad Lattafa Elixir 100 ML","Lattafa","asad-lattafa-elixir-100-ml.jpg"
"1-Arabes","Asad Zanzibar 100 ML","Lattafa","asad-zanzibar-100-ml.jpg"
"1-Arabes","Berry On Top 100 ML","Al Wataniah","berry-on-top-100-ml.jpg"
"1-Arabes","Choco Overdose 100 ML","Lattafa","choco-overdose-100-ml.jpg"
"1-Arabes","Cookie Crave 100 ML","Lattafa","cookie-crave-100-ml.jpg"
"1-Arabes","Eclaire Bananofi 100 ML","Lattafa","eclaire-bananofi-100-ml.jpg"
"1-Arabes","Eclaire Lattafa 100 ML","Lattafa","eclaire-lattafa.jpg"
"1-Arabes","Eclaire Pistache 100 ML","Lattafa","eclaire-pistache-100-ml.jpg"
"1-Arabes","Emaan Lattafa 100 ML","Lattafa","emaan-lattafa-100-ml.jpg"
"1-Arabes","Erba Pura en Caja 100 ML","Xerjoff","erba-pura-caja.jpg"
"1-Arabes","Erba Pura en Cofre 100 ML","Xerjoff","erba-pura-en-cofre-100-ml.jpg"
"1-Arabes","Erba Pura Tipo Original Cofre 100 ML","Xerjoff","erba-pura-tipo-original-cofre-100-ml.jpg"
"1-Arabes","Fakhár Black 100 ML","Lattafa","fakhar-black.jpg"
"1-Arabes","Fakhár Gold Extrait 100 ML","Lattafa","fakhar-gold-extrait-100-ml.jpg"
"1-Arabes","Fakhár Rose 100 ML","Lattafa","fakhar-rose-100-ml.jpg"
"1-Arabes","Haya Lattafa Caja 100 ML","Lattafa","haya-lattafa-caja-100-ml.jpg"
"1-Arabes","Haya Lattafa Cofre 100 ML","Lattafa","haya-lattafa-cofre-100-ml.jpg"
"1-Arabes","Her Confession Dama 100 ML","Lattafa","her-confession-dama-100-ml.jpg"
"1-Arabes","His Confession Men 100 ML","Lattafa","his-confession-men-100-ml.jpg"
"1-Arabes","Honor & Glory Caja 100 ML","Lattafa","honor-y-glory-caja-100-ml.jpg"
"1-Arabes","Honor & Glory Cofre 100 ML","Lattafa","honor-y-glory-cofre-100-ml.jpg"
"1-Arabes","Island Breeze Armaf 100 ML","Armaf","island-breeze-armaf-100-ml.jpg"
"1-Arabes","Khamrah Dukhan Caja 100 ML","Lattafa","khamrah-dukhan-caja-100-ml.jpg"
"1-Arabes","Khamrah Dukhan Cofre 100 ML","Lattafa","khamrah-dukhan-cofre-100-ml.jpg"
"1-Arabes","Khamrah Lattafa 100 ML","Lattafa","khamrah-lattafa.jpg"
"1-Arabes","Khamrah Lattafa Cofre 100 ML","Lattafa","khamrah-lattafa-cofre-100-ml.jpg"
"1-Arabes","Khamrah Qawha Caja 100 ML","Lattafa","khamrah-qawha-caja-100-ml.jpg"
"1-Arabes","Khamrah Qawha Cofre 100 ML","Lattafa","khamrah-qawha-cofre-100-ml.jpg"
"1-Arabes","Lattafa Amethyst Caja 100 ML","Lattafa","lattafa-amethyst-caja-100-ml.jpg"
"1-Arabes","Lattafa Amethyst Cofre 100 ML","Lattafa","lattafa-amethyst-cofre-100-ml.jpg"
"1-Arabes","Lattafa Sublime Caja 100 ML","Lattafa","lattafa-sublime-caja-100-ml.jpg"
"1-Arabes","Lattafa Sublime Cofre 100 ML","Lattafa","lattafa-sublime-cofre-100-ml.jpg"
"1-Arabes","Liquid Burn Cofre 100 ML","Paris Corner","liquid-burn-cofre-100-ml.jpg"
"1-Arabes","Mallow Madness 100 ML","Lattafa","mallow-madness-100-ml.jpg"
"1-Arabes","Marshmallow Blush Paris Corner 100 ML","Paris Corner","marshmallow-blush-paris-corner-100-ml.jpg"
"1-Arabes","Mayar Cherry Intense 100 ML","Lattafa","mayar-cherry-intense-100-ml.jpg"
"1-Arabes","Mayar Lattafa 100 ML","Lattafa","mayar-lattafa.jpg"
"1-Arabes","Mayar Natural Intense 100 ML","Lattafa","mayar-natural-intense-100-ml.jpg"
"1-Arabes","Musaman 100 ML","Lattafa","musaman-100-ml.jpg"
"1-Arabes","Musaman Black Intense 100 ML","Lattafa","musaman-black-intense-100-ml.jpg"
"1-Arabes","Musaman White Intense 100 ML","Lattafa","musaman-white-intense-100-ml.jpg"
"1-Arabes","Noble Blush Cofre 100 ML","Lattafa","noble-blush-cofre-100-ml.jpg"
"1-Arabes","Now Woman Lattafa 100 ML","Lattafa","now-woman-lattafa-100-ml.jpg"
"1-Arabes","Oud For Glory Caja 100 ML","Lattafa","oud-for-glory-caja-100-ml.jpg"
"1-Arabes","Oud For Glory Cofre 100 ML","Lattafa","oud-for-glory-cofre.jpg"
"1-Arabes","Sakina Lattafa 100 ML","Lattafa","sakina-lattafa-100-ml.jpg"
"1-Arabes","Shaheen Gold 100 ML","Lattafa","shaheen-gold-100-ml.jpg"
"1-Arabes","Shaheen Silver 100 ML","Lattafa","shaheen-silver-100-ml.jpg"
"1-Arabes","Teriaq Lattafa 100 ML","Lattafa","teriaq-lattafa-100-ml.jpg"
"1-Arabes","Vanilla Freak 100 ML","Lattafa","vanilla-freak-100-ml.jpg"
"1-Arabes","Victoria by Lattafa 100 ML","Lattafa","victoria-by-lattafa-100-ml.jpg"
"1-Arabes","Vulcan Baie 100 ML","Maison Alhambra","vulcan-baie-100-ml.jpg"
"1-Arabes","Vulcan Feu 100 ML","Maison Alhambra","vulcan-feu-100-ml.jpg"
"1-Arabes","Vulcan Sable 100 ML","Maison Alhambra","vulcan-sable-100-ml.jpg"
"1-Arabes","Whipped Pleasure 100 ML","Lattafa","whipped-pleasure-100-ml.jpg"
"1-Arabes","Xerjoff Alexandria II 100 ML","Xerjoff","xerjoff-alexandria-ii-100-ml.jpg"
"1-Arabes","Yara Candy 100 ML","Lattafa","yara-candy-100-ml.jpg"
"1-Arabes","Yara Lattafa 100 ML","Lattafa","yara-lattafa.jpg"
"1-Arabes","Yara Lattafa Elixir 100 ML","Lattafa","yara-lattafa-elixir-100-ml.jpg"
"1-Arabes","Yara Moi 100 ML","Lattafa","yara-moi-100-ml.jpg"
"1-Arabes","Yara Tous 100 ML","Lattafa","yara-tous-100-ml.jpg"
"2-Masculinos","Fahrenheit Dior 100 ML","Dior","fahrenheit-dior.jpg"
"2-Masculinos","Invictus 100 ML","Paco Rabanne","invictus.jpg"
"2-Masculinos","Invictus Intense 100 ML","Paco Rabanne","invictus-intense-100-ml.jpg"
"2-Masculinos","Invictus Legend 100 ML","Paco Rabanne","invictus-legend-100-ml.jpg"
"2-Masculinos","Invictus Parfum 100 ML","Paco Rabanne","invictus-parfum-100-ml.jpg"
"2-Masculinos","Jean Paul Le Beau 120 ML","Jean Paul Gaultier","jean-paul-le-beau-120-ml.jpg"
"2-Masculinos","Jean Paul Le Beau Parfum 120 ML","Jean Paul Gaultier","jean-paul-le-beau-parfum-120-ml.jpg"
"2-Masculinos","Jean Paul Paradise Garden 120 ML","Jean Paul Gaultier","jean-paul-paradise-garden-120-ml.jpg"
"2-Masculinos","Jean Paul Ultramale 120 ML","Jean Paul Gaultier","jean-paul-ultramale-120-ml.jpg"
"2-Masculinos","Le Male Elixir 120 ML","Jean Paul Gaultier","le-male-elixir.jpg"
"2-Masculinos","Le Male Elixir Absolu 120 ML","Jean Paul Gaultier","le-male-elixir-absolu-120-ml.jpg"
"2-Masculinos","Le Male Elixir Lata 120 ML","Jean Paul Gaultier","le-male-elixir-lata-120-ml.jpg"
"2-Masculinos","Le Male Lata 120 ML","Jean Paul Gaultier","le-male-lata-120-ml.jpg"
"2-Masculinos","Le Male Le Parfum 120 ML","Jean Paul Gaultier","le-male-le-parfum-120-ml.jpg"
"2-Masculinos","Nitro Red by Dumont 100 ML","Dumont","nitro-red-by-dumont-100-ml.jpg"
"2-Masculinos","One Million 100 ML","Paco Rabanne","one-million.jpg"
"2-Masculinos","One Million Elixir 100 ML","Paco Rabanne","one-million-elixir-100-ml.jpg"
"2-Masculinos","One Million Gold 100 ML","Paco Rabanne","one-million-gold-100-ml.jpg"
"2-Masculinos","One Million Lucky 100 ML","Paco Rabanne","one-million-lucky-100-ml.jpg"
"2-Masculinos","One Million Parfum 100 ML","Paco Rabanne","one-million-parfum-100-ml.jpg"
"2-Masculinos","One Million Prive 100 ML","Paco Rabanne","one-million-prive-100-ml.jpg"
"2-Masculinos","One Million Royal 100 ML","Paco Rabanne","one-million-royal-100-ml.jpg"
"2-Masculinos","Sauvage Dior 100 ML","Dior","sauvage-dior.jpg"
"2-Masculinos","Sauvage Elixir Dior 60 ML","Dior","sauvage-elixir-dior-60-ml.jpg"
"2-Masculinos","Scandal Absolu 100 ML","Jean Paul Gaultier","scandal-absolu-100-ml.jpg"
"2-Masculinos","Scandal Men JP 100 ML","Jean Paul Gaultier","scandal-men-jp-100-ml.jpg"
"2-Masculinos","Scandal Parfum Men 100 ML","Jean Paul Gaultier","scandal-parfum-men-100-ml.jpg"
"2-Masculinos","Stronger Intensely 100 ML","Emporio Armani","stronger-intensely-100-ml.jpg"
"2-Masculinos","Stronger With You 100 ML","Emporio Armani","stronger-with-you.jpg"
"2-Masculinos","Valentino Born in Roma 100 ML","Valentino","valentino-born-in-roma-100-ml.jpg"
"2-Masculinos","Valentino Intense 100 ML","Valentino","valentino-intense-100-ml.jpg"
"2-Masculinos","Valentino Uomo 100 ML","Valentino","valentino-uomo.jpg"
"2-Masculinos","Yves Saint Laurent 100 ML","Yves Saint Laurent","yves-saint-laurent-100-ml.jpg"
"3-Femeninos","212 Heroes Woman 80 ML","Carolina Herrera","212-heroes-woman-80-ml.jpg"
"3-Femeninos","212 Sexy Woman 100 ML","Carolina Herrera","212-sexy-woman-100-ml.jpg"
"3-Femeninos","212 VIP Dama 80 ML","Carolina Herrera","212-vip-dama-80-ml.jpg"
"3-Femeninos","212 VIP Red Rose 80 ML","Carolina Herrera","212-vip-red-rose-80-ml.jpg"
"3-Femeninos","212 VIP Rosé 80 ML","Carolina Herrera","212-vip-rose.jpg"
"3-Femeninos","212 VIP Wild Party Dama 80 ML","Carolina Herrera","212-vip-wild-party-dama-80-ml.jpg"
"3-Femeninos","212 VIP Wins Woman 80 ML","Carolina Herrera","212-vip-wins-woman-80-ml.jpg"
"3-Femeninos","212 Woman 100 ML","Carolina Herrera","212-woman-100-ml.jpg"
"3-Femeninos","Bombshell 100 ML","Victoria's Secret","bombshell.jpg"
"3-Femeninos","Bombshell Gold 100 ML","Victoria's Secret","bombshell-gold-100-ml.jpg"
"3-Femeninos","Bombshell Intense 100 ML","Victoria's Secret","bombshell-intense-100-ml.jpg"
"3-Femeninos","Bombshell Night 100 ML","Victoria's Secret","bombshell-night-100-ml.jpg"
"3-Femeninos","Bombshell Paradise 100 ML","Victoria's Secret","bombshell-paradise-100-ml.jpg"
"3-Femeninos","Bombshell Seduction 100 ML","Victoria's Secret","bombshell-seduction-100-ml.jpg"
"3-Femeninos","CH Woman 100 ML","Carolina Herrera","ch-woman.jpg"
"3-Femeninos","Cloud Ariana Grande 100 ML","Ariana Grande","cloud-ariana-grande.jpg"
"3-Femeninos","Cloud Pink Ariana Grande 100 ML","Ariana Grande","cloud-pink-ariana-grande-100-ml.jpg"
"3-Femeninos","Good Girl 80 ML","Carolina Herrera","good-girl.jpg"
"3-Femeninos","Good Girl Blush 80 ML","Carolina Herrera","good-girl-blush.jpg"
"3-Femeninos","Good Girl Fantastic Pink 80 ML","Carolina Herrera","good-girl-fantastic-pink-80-ml.jpg"
"3-Femeninos","Good Girl Leguere 80 ML","Carolina Herrera","good-girl-leguere-80-ml.jpg"
"3-Femeninos","Good Girl So Very 80 ML","Carolina Herrera","good-girl-so-very-80-ml.jpg"
"3-Femeninos","Good Girl Supreme 80 ML","Carolina Herrera","good-girl-supreme-80-ml.jpg"
"3-Femeninos","Good Girl Velvet Fatale 80 ML","Carolina Herrera","good-girl-velvet-fatale-80-ml.jpg"
"3-Femeninos","La Bomba Carolina Herrera 90 ML","Carolina Herrera","la-bomba-carolina-herrera-90-ml.jpg"
"3-Femeninos","Love Me Tous 90 ML","Tous","love-me-tous.jpg"
"3-Femeninos","Love Me Tous Esmeralda 90 ML","Tous","love-me-tous-esmeralda-90-ml.jpg"
"3-Femeninos","Love Me Tous Onyx 90 ML","Tous","love-me-tous-onyx-90-ml.jpg"
"3-Femeninos","Thank U Next Ariana Grande 100 ML","Ariana Grande","thank-u-next-ariana-grande-100-ml.jpg"
"3-Femeninos","Victoria Very Sexy Night 100 ML","Victoria's Secret","victoria-very-sexy-night-100-ml.jpg"
"3-Femeninos","Victoria Very Sexy Oasis 100 ML","Victoria's Secret","victoria-very-sexy-oasis-100-ml.jpg"
"3-Femeninos","Victoria Very Sexy Sea 100 ML","Victoria's Secret","victoria-very-sexy-sea-100-ml.jpg"
"4-BodySprays","Asad Zanzibar Body Spray 200 ML","Lattafa","asad-zanzibar-body-spray-200-ml.jpg"
"4-BodySprays","Azure Fantasy Body Spray 200 ML","Armaf","azure-fantasy-body-spray-200-ml.jpg"
"4-BodySprays","Cloud Body Spray 200 ML","Ariana Grande","cloud-body-spray-200-ml.jpg"
"4-BodySprays","Club de Nuit Intense Man Body Spray 200 ML","Armaf","club-de-nuit-intense-body-spray.jpg"
"4-BodySprays","Club de Nuit Untold Body Spray 200 ML","Armaf","club-de-nuit-untold-body-spray-200-ml.jpg"
"4-BodySprays","Jean Paul Divine Body Spray 200 ML","Jean Paul Gaultier","jean-paul-divine-body-spray-200-ml.jpg"
"4-BodySprays","Khamrah Lattafa Body Spray 200 ML","Lattafa","khamrah-lattafa-body-spray-200-ml.jpg"
"4-BodySprays","Lattafa Amethysta Body Spray 200 ML","Lattafa","lattafa-amethysta-body-spray-200-ml.jpg"
"4-BodySprays","Lattafa Honor & Glory Body Spray 200 ML","Lattafa","lattafa-honor-y-glory-body-spray-200-ml.jpg"
"4-BodySprays","Lattafa Noble Blush Body Spray 200 ML","Lattafa","lattafa-noble-blush-body-spray-200-ml.jpg"
"4-BodySprays","Lattafa Oud For Glory Body Spray 200 ML","Lattafa","lattafa-oud-for-glory-body-spray-200-ml.jpg"
"4-BodySprays","Lattafa Sublime Body Spray 200 ML","Lattafa","lattafa-sublime-body-spray-200-ml.jpg"
"4-BodySprays","Mandarin Sky Body Spray 200 ML","Armaf","mandarin-sky-body-spray-200-ml.jpg"
"4-BodySprays","Odyssey Candee Body Spray 200 ML","Armaf","odyssey-candee-body-spray-200-ml.jpg"
"4-BodySprays","Orientica Rouge Body Spray 200 ML","Orientica","orientica-rouge-body-spray-200-ml.jpg"
"4-BodySprays","Orientica Royal Amber Body Spray 200 ML","Orientica","orientica-royal-amber-body-spray.jpg"
"4-BodySprays","Orientica Velvet Body Spray 200 ML","Orientica","orientica-velvet-body-spray-200-ml.jpg"
"4-BodySprays","Oud Saffron Body Spray 200 ML","Armaf","oud-saffron-body-spray-200-ml.jpg"
"4-BodySprays","Thank U Next Body Spray 200 ML","Ariana Grande","thank-u-next-body-spray-200-ml.jpg"
"4-BodySprays","Ultra Violet Body Spray 200 ML","Al Haramain","ultra-violet-body-spray-200-ml.jpg"
"4-BodySprays","Yara Body Spray 200 ML","Lattafa","yara-body-spray.jpg"
"4-BodySprays","Yara Candy Body Spray 200 ML","Lattafa","yara-candy-body-spray-200-ml.jpg"
"5-Sets","Kit Crema + Splash + Perfume Amethysta","Lattafa","kit-crema-splash-perfume-amethysta.jpg"
"5-Sets","Kit Crema + Splash + Perfume Asad","Lattafa","kit-crema-splash-perfume-asad.jpg"
"5-Sets","Kit Crema + Splash + Perfume Asad Bourbon","Lattafa","kit-crema-splash-perfume-asad-bourbon.jpg"
"5-Sets","Kit Crema + Splash + Perfume Club de Nuit + 30ML","Armaf","kit-crema-splash-perfume-club-de-nuit-30ml.jpg"
"5-Sets","Kit Crema + Splash + Perfume Eclaire","Lattafa","kit-crema-splash-perfume-eclaire.jpg"
"5-Sets","Kit Crema + Splash + Perfume Fakhár Black","Lattafa","kit-crema-splash-perfume-fakhar-black.jpg"
"5-Sets","Kit Crema + Splash + Perfume Le Beau Parfum","Jean Paul Gaultier","kit-crema-splash-perfume-le-beau-parfum.jpg"
"5-Sets","Kit Crema + Splash + Perfume Le Male Elixir","Jean Paul Gaultier","kit-crema-splash-perfume-le-male-elixir.jpg"
"5-Sets","Kit Crema + Splash + Perfume Mandarin Sky","Armaf","kit-crema-splash-perfume-mandarin-sky.jpg"
"5-Sets","Kit Crema + Splash + Perfume Yara","Lattafa","kit-crema-splash-perfume-yara.jpg"
"5-Sets","Kit Crema + Splash + Perfume Yara Candy","Lattafa","kit-crema-splash-perfume-yara-candy.jpg"
"5-Sets","Set Bolso + Crema + Perfume 60 ML + Khamrah","Lattafa","set-bolso-crema-perfume-60-ml-khamrah.jpg"
"5-Sets","Set Bolso + Crema + Perfume 60 ML + Mandarin Sky","Armaf","set-bolso-crema-perfume-60-ml-mandarin-sky.jpg"
"5-Sets","Set Bolso + Crema + Perfume 60 ML + Odyssey Candee","Armaf","set-bolso-crema-perfume-60-ml-odyssey-candee.jpg"
"5-Sets","Set Bolso + Crema + Perfume 60 ML + Yara","Lattafa","set-bolso-crema-perfume-yara.jpg"
"5-Sets","Set Bolso + Crema + Perfume 60 ML + Yum Yum","Lattafa","set-bolso-crema-perfume-60-ml-yum-yum.jpg"
"5-Sets","Set Mini Club de Nuit 30 ML Men","Armaf","set-mini-club-de-nuit-30-ml-men.jpg"
"5-Sets","Set Mini Ilmin 30 ML","Ilmin","set-mini-ilmin-30-ml.jpg"
"5-Sets","Set Mini Khamrah 30 ML (Dukhan + Qawha + Khamrah)","Lattafa","set-mini-khamrah-30ml.jpg"
"5-Sets","Set Mini Moschino 30 ML","Moschino","set-mini-moschino-30-ml.jpg"
"5-Sets","Set Mini Orientica Collection 5 ML","Orientica","set-mini-orientica-collection-5-ml.jpg"
"5-Sets","Set Mini Yara 30 ML x4 (todas dama)","Lattafa","set-mini-yara-30ml-x4.jpg"
"5-Sets","Set Mini Yara 30 ML x4 Mixto","Lattafa","set-mini-yara-30-ml-x4-mixto.jpg"
"5-Sets","Set Odyssey Mini 50 ML","Armaf","set-odyssey-mini-50-ml.jpg"