"Handle","Title","Body (HTML)","Vendor","Type","Tags","Published","Option1 Name","Option1 Value","Variant Inventory Tracker","Variant Inventory Qty","Variant Inventory Policy","Variant Fulfillment Service","Variant Price","Variant Compare At Price","Variant Requires Shipping","Variant Taxable","Image Src","Image Position","Image Alt Text","Status"
"khamrah-lattafa","Khamrah Lattafa 100 ML","<p>Un brindis oriental de dátiles, canela y vainilla. Khamrah envuelve la piel con una estela cálida, dulce y especiada que perdura por horas.</p>","Lattafa","Perfume Árabe","arabe, lattafa, caja, bestseller, gourmand, unisex","TRUE","Title","Default Title","shopify","7","deny","manual","124000.00","155000.00","TRUE","TRUE","https://placehold.co/900x900/0A0A12/C9A84C/png?text=Lattafa","1","Khamrah Lattafa 100 ML","active"
"yara-lattafa","Yara Lattafa 100 ML","<p>Cremoso, dulce y luminoso. Yara combina orquídea y heliotropo sobre una base de sándalo y vainilla para un rastro adictivo y femenino.</p>","Lattafa","Perfume Árabe","arabe, lattafa, caja, bestseller, floral, dama","TRUE","Title","Default Title","shopify","6","deny","manual","124000.00","155000.00","TRUE","TRUE","https://placehold.co/900x900/0A0A12/C9A84C/png?text=Lattafa","1","Yara Lattafa 100 ML","active"
"asad-lattafa","Asad Lattafa 100 ML","<p>Potente y magnético. Asad abre con pimienta y piña para asentarse en un fondo de vainilla, ámbar y pachulí de gran proyección.</p>","Lattafa","Perfume Árabe","arabe, lattafa, caja, amaderado, caballero","TRUE","Title","Default Title","shopify","4","deny","manual","124000.00","","TRUE","TRUE","https://placehold.co/900x900/0A0A12/C9A84C/png?text=Lattafa","1","Asad Lattafa 100 ML","active"
"oud-for-glory-cofre","Oud For Glory Cofre 100 ML","<p>Una oda al oud. Azafrán y nuez moscada dan paso a maderas resinosas y pachulí en un cofre de lujo de altísima duración.</p>","Lattafa","Perfume Árabe","arabe, lattafa, cofre, oud, amaderado, unisex","TRUE","Title","Default Title","shopify","10","deny","manual","184000.00","230000.00","TRUE","TRUE","https://placehold.co/900x900/0A0A12/C9A84C/png?text=Lattafa","1","Oud For Glory Cofre 100 ML","active"
"erba-pura-caja","Erba Pura en Caja 100 ML","<p>Explosión frutal sobre un fondo dulce y ambarado. Erba Pura es alegre, jugosa y sorprendentemente versátil para cualquier ocasión.</p>","Xerjoff","Perfume Árabe","arabe, xerjoff, caja, frutal, unisex, gourmand","TRUE","Title","Default Title","shopify","4","deny","manual","126000.00","","TRUE","TRUE","https://placehold.co/900x900/0A0A12/C9A84C/png?text=Xerjoff","1","Erba Pura en Caja 100 ML","active"
"mayar-lattafa","Mayar Lattafa 100 ML","<p>Elegancia floral con un guiño frutal. Jazmín y azahar arropados por vainilla y cachemira para una firma sofisticada y delicada.</p>","Lattafa","Perfume Árabe","arabe, lattafa, caja, floral, dama","TRUE","Title","Default Title","shopify","13","deny","manual","166000.00","","TRUE","TRUE","https://placehold.co/900x900/0A0A12/C9A84C/png?text=Lattafa","1","Mayar Lattafa 100 ML","active"
"fakhar-black","Fakhár Black 100 ML","<p>Frescura aromática y fondo amaderado. Fakhár Black es la versatilidad hecha perfume: oficina de día, seducción de noche.</p>","Lattafa","Perfume Árabe","arabe, lattafa, caja, amaderado, aromatico, caballero","TRUE","Title","Default Title","shopify","6","deny","manual","190000.00","238000.00","TRUE","TRUE","https://placehold.co/900x900/0A0A12/C9A84C/png?text=Lattafa","1","Fakhár Black 100 ML","active"
"eclaire-lattafa","Eclaire Lattafa 100 ML","<p>Un postre embotellado. Caramelo, praliné y vainilla cremosa para quienes aman las fragancias dulces y golosas.</p>","Lattafa","Perfume Árabe","arabe, lattafa, caja, gourmand, dulce, dama","TRUE","Title","Default Title","shopify","11","deny","manual","170000.00","213000.00","TRUE","TRUE","https://placehold.co/900x900/0A0A12/C9A84C/png?text=Lattafa","1","Eclaire Lattafa 100 ML","active"
"sauvage-dior","Sauvage Dior 100 ML","<p>Frescura radiante y especiada. Bergamota crujiente, pimienta de Sichuan y un fondo de ambroxan que proyecta sin esfuerzo.</p>","Dior","Perfume Masculino","masculino, dior, fresco, especiado, bestseller, caballero, caja","TRUE","Title","Default Title","shopify","5","deny","manual","126000.00","158000.00","TRUE","TRUE","https://placehold.co/900x900/0A0A12/C9A84C/png?text=Dior","1","Sauvage Dior 100 ML","active"
"one-million","One Million 100 ML","<p>Opulento y seductor. Toronja y menta brillantes sobre canela, cuero y ámbar para una presencia inolvidable.</p>","Paco Rabanne","Perfume Masculino","masculino, paco-rabanne, especiado, cuero, caballero, caja","TRUE","Title","Default Title","shopify","6","deny","manual","116000.00","","TRUE","TRUE","https://placehold.co/900x900/0A0A12/C9A84C/png?text=Paco%20Rabanne","1","One Million 100 ML","active"
"invictus","Invictus 100 ML","<p>Frescura deportiva y victoriosa. Notas marinas y pomelo sobre una base ambarada de guayaco para el día a día.</p>","Paco Rabanne","Perfume Masculino","masculino, paco-rabanne, acuatico, fresco, caballero, caja","TRUE","Title","Default Title","shopify","13","deny","manual","116000.00","","TRUE","TRUE","https://placehold.co/900x900/0A0A12/C9A84C/png?text=Paco%20Rabanne","1","Invictus 100 ML","active"
"le-male-elixir","Le Male Elixir 120 ML","<p>La versión más adictiva del clásico. Lavanda y miel sobre haba tonka y benjuí: dulce, cálido y de proyección bestial.</p>","Jean Paul Gaultier","Perfume Masculino","masculino, jean-paul-gaultier, oriental, gourmand, caballero, caja","TRUE","Title","Default Title","shopify","11","deny","manual","146000.00","183000.00","TRUE","TRUE","https://placehold.co/900x900/0A0A12/C9A84C/png?text=Jean%20Paul%20Gaultier","1","Le Male Elixir 120 ML","active"
"stronger-with-you","Stronger With You 100 ML","<p>Cálido y carismático. Cardamomo y salvia sobre castañas glaseadas, vainilla y ámbar para un rastro acogedor y moderno.</p>","Emporio Armani","Perfume Masculino","masculino, armani, especiado, gourmand, caballero, caja","TRUE","Title","Default Title","shopify","6","deny","manual","126000.00","","TRUE","TRUE","https://placehold.co/900x900/0A0A12/C9A84C/png?text=Emporio%20Armani","1","Stronger With You 100 ML","active"
"valentino-uomo","Valentino Uomo 100 ML","<p>Elegancia italiana. Crema de avellana y café sobre cuero y cedro para un caballero refinado y contemporáneo.</p>","Valentino","Perfume Masculino","masculino, valentino, amaderado, gourmand, caballero, caja","TRUE","Title","Default Title","shopify","13","deny","manual","130000.00","163000.00","TRUE","TRUE","https://placehold.co/900x900/0A0A12/C9A84C/png?text=Valentino","1","Valentino Uomo 100 ML","active"
"fahrenheit-dior","Fahrenheit Dior 100 ML","<p>Un ícono inconfundible. Violeta y madreselva sobre cuero y almizcle: distintivo, viril y atemporal.</p>","Dior","Perfume Masculino","masculino, dior, amaderado, cuero, caballero, caja","TRUE","Title","Default Title","shopify","11","deny","manual","116000.00","","TRUE","TRUE","https://placehold.co/900x900/0A0A12/C9A84C/png?text=Dior","1","Fahrenheit Dior 100 ML","active"
"good-girl","Good Girl 80 ML","<p>Dualidad seductora. Jazmín y nardo luminosos sobre un fondo de cacao, tonka y praliné. El equilibrio perfecto entre lo dulce y lo oscuro.</p>","Carolina Herrera","Perfume Femenino","femenino, carolina-herrera, oriental, bestseller, dama, caja","TRUE","Title","Default Title","shopify","15","deny","manual","116000.00","145000.00","TRUE","TRUE","https://placehold.co/900x900/0A0A12/C9A84C/png?text=Carolina%20Herrera","1","Good Girl 80 ML","active"
"212-vip-rose","212 VIP Rosé 80 ML","<p>Burbujeante y festivo. Champagne rosado y durazno sobre flores blancas y almizcle para noches que brillan.</p>","Carolina Herrera","Perfume Femenino","femenino, carolina-herrera, floral, frutal, dama, caja","TRUE","Title","Default Title","shopify","8","deny","manual","116000.00","","TRUE","TRUE","https://placehold.co/900x900/0A0A12/C9A84C/png?text=Carolina%20Herrera","1","212 VIP Rosé 80 ML","active"
"bombshell","Bombshell 100 ML","<p>Coqueto y fresco. Pomelo y piña sobre peonía y orquídea: vibrante, juvenil e irresistible.</p>","Victoria's Secret","Perfume Femenino","femenino, victorias-secret, floral, frutal, dama, caja","TRUE","Title","Default Title","shopify","4","deny","manual","116000.00","","TRUE","TRUE","https://placehold.co/900x900/0A0A12/C9A84C/png?text=Victoria's%20Secret","1","Bombshell 100 ML","active"
"ch-woman","CH Woman 100 ML","<p>Sofisticación con carácter. Praliné y rosa sobre cuero, sándalo y ámbar para una mujer segura de sí misma.</p>","Carolina Herrera","Perfume Femenino","femenino, carolina-herrera, oriental, cuero, dama, caja","TRUE","Title","Default Title","shopify","11","deny","manual","126000.00","","TRUE","TRUE","https://placehold.co/900x900/0A0A12/C9A84C/png?text=Carolina%20Herrera","1","CH Woman 100 ML","active"
"cloud-ariana-grande","Cloud Ariana Grande 100 ML","<p>Suave como una nube. Pera y lavanda sobre crema batida, praliné y coco. Reconfortante, dulce y muy duradero.</p>","Ariana Grande","Perfume Femenino","femenino, ariana-grande, gourmand, dulce, dama, caja","TRUE","Title","Default Title","shopify","12","deny","manual","126000.00","158000.00","TRUE","TRUE","https://placehold.co/900x900/0A0A12/C9A84C/png?text=Ariana%20Grande","1","Cloud Ariana Grande 100 ML","active"
"love-me-tous","Love Me Tous 90 ML","<p>Delicado y romántico. Frutos rojos y flor de cerezo sobre almizcle suave para un uso diario fresco y femenino.</p>","Tous","Perfume Femenino","femenino, tous, floral, frutal, dama, caja","TRUE","Title","Default Title","shopify","8","deny","manual","126000.00","158000.00","TRUE","TRUE","https://placehold.co/900x900/0A0A12/C9A84C/png?text=Tous","1","Love Me Tous 90 ML","active"
"good-girl-blush","Good Girl Blush 80 ML","<p>Luminoso y optimista. Un ramo de rosa y peonía sobre sándalo cremoso y vainilla: la cara más radiante de Good Girl.</p>","Carolina Herrera","Perfume Femenino","femenino, carolina-herrera, floral, dama, caja","TRUE","Title","Default Title","shopify","5","deny","manual","130000.00","163000.00","TRUE","TRUE","https://placehold.co/900x900/0A0A12/C9A84C/png?text=Carolina%20Herrera","1","Good Girl Blush 80 ML","active"
"orientica-royal-amber-body-spray","Orientica Royal Amber Body Spray 200 ML","<p>Frescura ambarada y oriental para todo el día. Formato generoso de 200 ml ideal para reaplicar cuando quieras.</p>","Orientica","Body Spray","body-spray, orientica, oriental, unisex, spray","TRUE","Title","Default Title","shopify","8","deny","manual","62000.00","","TRUE","TRUE","https://placehold.co/900x900/0A0A12/C9A84C/png?text=Orientica","1","Orientica Royal Amber Body Spray 200 ML","active"
"club-de-nuit-intense-body-spray","Club de Nuit Intense Man Body Spray 200 ML","<p>El icónico Club de Nuit en formato body spray. Piña y abedul sobre vainilla y almizcle: fresco, masculino y rendidor.</p>","Armaf","Body Spray","body-spray, armaf, amaderado, caballero, spray","TRUE","Title","Default Title","shopify","8","deny","manual","62000.00","","TRUE","TRUE","https://placehold.co/900x900/0A0A12/C9A84C/png?text=Armaf","1","Club de Nuit Intense Man Body Spray 200 ML","active"
"yara-body-spray","Yara Body Spray 200 ML","<p>La estela cremosa de Yara en spray corporal. Orquídea y vainilla suaves para refrescar tu día con un toque dulce.</p>","Lattafa","Body Spray","body-spray, lattafa, floral, dama, spray","TRUE","Title","Default Title","shopify","7","deny","manual","58000.00","","TRUE","TRUE","https://placehold.co/900x900/0A0A12/C9A84C/png?text=Lattafa","1","Yara Body Spray 200 ML","active"
"set-mini-khamrah-30ml","Set Mini Khamrah 30 ML (Dukhan + Qawha + Khamrah)","<p>El trío más codiciado de Lattafa en formato viaje: Khamrah, Khamrah Qawha y Khamrah Dukhan. El regalo perfecto para los amantes de lo dulce y especiado.</p>","Lattafa","Set de Regalo","set, lattafa, regalo, gourmand, bestseller, unisex","TRUE","Title","Default Title","shopify","7","deny","manual","190000.00","238000.00","TRUE","TRUE","https://placehold.co/900x900/0A0A12/C9A84C/png?text=Lattafa","1","Set Mini Khamrah 30 ML (Dukhan + Qawha + Khamrah)","active"
"set-mini-yara-30ml-x4","Set Mini Yara 30 ML x4 (todas dama)","<p>Cuatro versiones de Yara en formato mini: descubre tu favorita o regálalas todas. Cremosas, dulces y femeninas.</p>","Lattafa","Set de Regalo","set, lattafa, regalo, floral, dama","TRUE","Title","Default Title","shopify","11","deny","manual","170000.00","","TRUE","TRUE","https://placehold.co/900x900/0A0A12/C9A84C/png?text=Lattafa","1","Set Mini Yara 30 ML x4 (todas dama)","active"
"set-bolso-crema-perfume-yara","Set Bolso + Crema + Perfume 60 ML + Yara","<p>Un kit de lujo listo para regalar: bolso, crema corporal y perfume Yara de 60 ml. Presentación impecable y experiencia completa.</p>","Lattafa","Set de Regalo","set, lattafa, regalo, premium, floral, dama","TRUE","Title","Default Title","shopify","9","deny","manual","210000.00","263000.00","TRUE","TRUE","https://placehold.co/900x900/0A0A12/C9A84C/png?text=Lattafa","1","Set Bolso + Crema + Perfume 60 ML + Yara","active"
"erba-pura-en-cofre-100-ml","Erba Pura en Cofre 100 ML","<p>Erba Pura en Cofre 100 ML: una fragancia gourmand de Xerjoff. Estela distintiva y gran calidad a un precio justo, con envío a toda Colombia.</p>","Xerjoff","Perfume Árabe","arabe, unisex, cofre, gourmand, xerjoff","TRUE","Title","Default Title","shopify","10","deny","manual","190000.00","238000.00","TRUE","TRUE","https://placehold.co/900x900/0A0A12/C9A84C/png?text=Xerjoff","1","Erba Pura en Cofre 100 ML","active"
"erba-pura-tipo-original-cofre-100-ml","Erba Pura Tipo Original Cofre 100 ML","<p>Erba Pura Tipo Original Cofre 100 ML: una fragancia gourmand de Xerjoff. Estela distintiva y gran calidad a un precio justo, con envío a toda Colombia.</p>","Xerjoff","Perfume Árabe","arabe, unisex, cofre, gourmand, xerjoff","TRUE","Title","Default Title","shopify","11","deny","manual","240000.00","","TRUE","TRUE","https://placehold.co/900x900/0A0A12/C9A84C/png?text=Xerjoff","1","Erba Pura Tipo Original Cofre 100 ML","active"
"xerjoff-alexandria-ii-100-ml","Xerjoff Alexandria II 100 ML","<p>Xerjoff Alexandria II 100 ML: una fragancia amaderada de Xerjoff. Estela distintiva y gran calidad a un precio justo, con envío a toda Colombia.</p>","Xerjoff","Perfume Árabe","arabe, caballero, caja, amaderado, xerjoff","TRUE","Title","Default Title","shopify","15","deny","manual","176000.00","","TRUE","TRUE","https://placehold.co/900x900/0A0A12/C9A84C/png?text=Xerjoff","1","Xerjoff Alexandria II 100 ML","active"
"afeef-lattafa-100-ml","Afeef Lattafa 100 ML","<p>Afeef Lattafa 100 ML: una fragancia oriental de Lattafa. Estela distintiva y gran calidad a un precio justo, con envío a toda Colombia.</p>","Lattafa","Perfume Árabe","arabe, unisex, caja, oriental, lattafa","TRUE","Title","Default Title","shopify","3","deny","manual","190000.00","","TRUE","TRUE","https://placehold.co/900x900/0A0A12/C9A84C/png?text=Lattafa","1","Afeef Lattafa 100 ML","active"
"berry-on-top-100-ml","Berry On Top 100 ML","<p>Berry On Top 100 ML: una fragancia gourmand de Al Wataniah. Estela distintiva y gran calidad a un precio justo, con envío a toda Colombia.</p>","Al Wataniah","Perfume Árabe","arabe, dama, caja, gourmand, al-wataniah","TRUE","Title","Default Title","shopify","10","deny","manual","190000.00","","TRUE","TRUE","https://placehold.co/900x900/0A0A12/C9A84C/png?text=Al%20Wataniah","1","Berry On Top 100 ML","active"
"mallow-madness-100-ml","Mallow Madness 100 ML","<p>Mallow Madness 100 ML: una fragancia gourmand de Lattafa. Estela distintiva y gran calidad a un precio justo, con envío a toda Colombia.</p>","Lattafa","Perfume Árabe","arabe, dama, caja, gourmand, lattafa","TRUE","Title","Default Title","shopify","3","deny","manual","190000.00","238000.00","TRUE","TRUE","https://placehold.co/900x900/0A0A12/C9A84C/png?text=Lattafa","1","Mallow Madness 100 ML","active"
"vanilla-freak-100-ml","Vanilla Freak 100 ML","<p>Vanilla Freak 100 ML: una fragancia gourmand de Lattafa. Estela distintiva y gran calidad a un precio justo, con envío a toda Colombia.</p>","Lattafa","Perfume Árabe","arabe, unisex, caja, gourmand, lattafa","TRUE","Title","Default Title","shopify","10","deny","manual","190000.00","238000.00","TRUE","TRUE","https://placehold.co/900x900/0A0A12/C9A84C/png?text=Lattafa","1","Vanilla Freak 100 ML","active"
"whipped-pleasure-100-ml","Whipped Pleasure 100 ML","<p>Whipped Pleasure 100 ML: una fragancia gourmand de Lattafa. Estela distintiva y gran calidad a un precio justo, con envío a toda Colombia.</p>","Lattafa","Perfume Árabe","arabe, dama, caja, gourmand, lattafa","TRUE","Title","Default Title","shopify","13","deny","manual","190000.00","","TRUE","TRUE","https://placehold.co/900x900/0A0A12/C9A84C/png?text=Lattafa","1","Whipped Pleasure 100 ML","active"
"choco-overdose-100-ml","Choco Overdose 100 ML","<p>Choco Overdose 100 ML: una fragancia gourmand de Lattafa. Estela distintiva y gran calidad a un precio justo, con envío a toda Colombia.</p>","Lattafa","Perfume Árabe","arabe, unisex, caja, gourmand, lattafa","TRUE","Title","Default Title","shopify","7","deny","manual","190000.00","238000.00","TRUE","TRUE","https://placehold.co/900x900/0A0A12/C9A84C/png?text=Lattafa","1","Choco Overdose 100 ML","active"
"cookie-crave-100-ml","Cookie Crave 100 ML","<p>Cookie Crave 100 ML: una fragancia gourmand de Lattafa. Estela distintiva y gran calidad a un precio justo, con envío a toda Colombia.</p>","Lattafa","Perfume Árabe","arabe, dama, caja, gourmand, lattafa","TRUE","Title","Default Title","shopify","8","deny","manual","190000.00","238000.00","TRUE","TRUE","https://placehold.co/900x900/0A0A12/C9A84C/png?text=Lattafa","1","Cookie Crave 100 ML","active"
"arte-del-universo-100-ml","Arte del Universo 100 ML","<p>Arte del Universo 100 ML: una fragancia oriental de Maison Alhambra. Estela distintiva y gran calidad a un precio justo, con envío a toda Colombia.</p>","Maison Alhambra","Perfume Árabe","arabe, unisex, caja, oriental, maison-alhambra","TRUE","Title","Default Title","shopify","12","deny","manual","190000.00","","TRUE","TRUE","https://placehold.co/900x900/0A0A12/C9A84C/png?text=Maison%20Alhambra","1","Arte del Universo 100 ML","active"
"haya-lattafa-cofre-100-ml","Haya Lattafa Cofre 100 ML","<p>Haya Lattafa Cofre 100 ML: una fragancia floral de Lattafa. Estela distintiva y gran calidad a un precio justo, con envío a toda Colombia.</p>","Lattafa","Perfume Árabe","arabe, dama, cofre, floral, lattafa","TRUE","Title","Default Title","shopify","8","deny","manual","184000.00","","TRUE","TRUE","https://placehold.co/900x900/0A0A12/C9A84C/png?text=Lattafa","1","Haya Lattafa Cofre 100 ML","active"
"haya-lattafa-caja-100-ml","Haya Lattafa Caja 100 ML","<p>Haya Lattafa Caja 100 ML: una fragancia floral de Lattafa. Estela distintiva y gran calidad a un precio justo, con envío a toda Colombia.</p>","Lattafa","Perfume Árabe","arabe, dama, caja, floral, lattafa","TRUE","Title","Default Title","shopify","4","deny","manual","146000.00","183000.00","TRUE","TRUE","https://placehold.co/900x900/0A0A12/C9A84C/png?text=Lattafa","1","Haya Lattafa Caja 100 ML","active"
"emaan-lattafa-100-ml","Emaan Lattafa 100 ML","<p>Emaan Lattafa 100 ML: una fragancia oriental de Lattafa. Estela distintiva y gran calidad a un precio justo, con envío a toda Colombia.</p>","Lattafa","Perfume Árabe","arabe, unisex, caja, oriental, lattafa","TRUE","Title","Default Title","shopify","10","deny","manual","190000.00","238000.00","TRUE","TRUE","https://placehold.co/900x900/0A0A12/C9A84C/png?text=Lattafa","1","Emaan Lattafa 100 ML","active"
"sakina-lattafa-100-ml","Sakina Lattafa 100 ML","<p>Sakina Lattafa 100 ML: una fragancia floral de Lattafa. Estela distintiva y gran calidad a un precio justo, con envío a toda Colombia.</p>","Lattafa","Perfume Árabe","arabe, dama, caja, floral, lattafa","TRUE","Title","Default Title","shopify","11","deny","manual","190000.00","","TRUE","TRUE","https://placehold.co/900x900/0A0A12/C9A84C/png?text=Lattafa","1","Sakina Lattafa 100 ML","active"
"victoria-by-lattafa-100-ml","Victoria by Lattafa 100 ML","<p>Victoria by Lattafa 100 ML: una fragancia floral de Lattafa. Estela distintiva y gran calidad a un precio justo, con envío a toda Colombia.</p>","Lattafa","Perfume Árabe","arabe, dama, caja, floral, lattafa","TRUE","Title","Default Title","shopify","15","deny","manual","160000.00","","TRUE","TRUE","https://placehold.co/900x900/0A0A12/C9A84C/png?text=Lattafa","1","Victoria by Lattafa 100 ML","active"
"his-confession-men-100-ml","His Confession Men 100 ML","<p>His Confession Men 100 ML: una fragancia amaderada de Lattafa. Estela distintiva y gran calidad a un precio justo, con envío a toda Colombia.</p>","Lattafa","Perfume Árabe","arabe, caballero, caja, amaderado, lattafa","TRUE","Title","Default Title","shopify","6","deny","manual","180000.00","225000.00","TRUE","TRUE","https://placehold.co/900x900/0A0A12/C9A84C/png?text=Lattafa","1","His Confession Men 100 ML","active"
"her-confession-dama-100-ml","Her Confession Dama 100 ML","<p>Her Confession Dama 100 ML: una fragancia floral de Lattafa. Estela distintiva y gran calidad a un precio justo, con envío a toda Colombia.</p>","Lattafa","Perfume Árabe","arabe, dama, caja, floral, lattafa","TRUE","Title","Default Title","shopify","7","deny","manual","180000.00","","TRUE","TRUE","https://placehold.co/900x900/0A0A12/C9A84C/png?text=Lattafa","1","Her Confession Dama 100 ML","active"
"khamrah-lattafa-cofre-100-ml","Khamrah Lattafa Cofre 100 ML","<p>Khamrah Lattafa Cofre 100 ML: una fragancia gourmand de Lattafa. Estela distintiva y gran calidad a un precio justo, con envío a toda Colombia.</p>","Lattafa","Perfume Árabe","arabe, unisex, cofre, gourmand, lattafa","TRUE","Title","Default Title","shopify","13","deny","manual","184000.00","230000.00","TRUE","TRUE","https://placehold.co/900x900/0A0A12/C9A84C/png?text=Lattafa","1","Khamrah Lattafa Cofre 100 ML","active"
"khamrah-qawha-cofre-100-ml","Khamrah Qawha Cofre 100 ML","<p>Khamrah Qawha Cofre 100 ML: una fragancia gourmand de Lattafa. Estela distintiva y gran calidad a un precio justo, con envío a toda Colombia.</p>","Lattafa","Perfume Árabe","arabe, unisex, cofre, gourmand, lattafa","TRUE","Title","Default Title","shopify","14","deny","manual","184000.00","","TRUE","TRUE","https://placehold.co/900x900/0A0A12/C9A84C/png?text=Lattafa","1","Khamrah Qawha Cofre 100 ML","active"
"khamrah-qawha-caja-100-ml","Khamrah Qawha Caja 100 ML","<p>Khamrah Qawha Caja 100 ML: una fragancia gourmand de Lattafa. Estela distintiva y gran calidad a un precio justo, con envío a toda Colombia.</p>","Lattafa","Perfume Árabe","arabe, unisex, caja, gourmand, lattafa","TRUE","Title","Default Title","shopify","8","deny","manual","124000.00","155000.00","TRUE","TRUE","https://placehold.co/900x900/0A0A12/C9A84C/png?text=Lattafa","1","Khamrah Qawha Caja 100 ML","active"
"khamrah-dukhan-cofre-100-ml","Khamrah Dukhan Cofre 100 ML","<p>Khamrah Dukhan Cofre 100 ML: una fragancia oriental de Lattafa. Estela distintiva y gran calidad a un precio justo, con envío a toda Colombia.</p>","Lattafa","Perfume Árabe","arabe, unisex, cofre, oriental, lattafa","TRUE","Title","Default Title","shopify","9","deny","manual","184000.00","230000.00","TRUE","TRUE","https://placehold.co/900x900/0A0A12/C9A84C/png?text=Lattafa","1","Khamrah Dukhan Cofre 100 ML","active"
"khamrah-dukhan-caja-100-ml","Khamrah Dukhan Caja 100 ML","<p>Khamrah Dukhan Caja 100 ML: una fragancia oriental de Lattafa. Estela distintiva y gran calidad a un precio justo, con envío a toda Colombia.</p>","Lattafa","Perfume Árabe","arabe, unisex, caja, oriental, lattafa","TRUE","Title","Default Title","shopify","14","deny","manual","124000.00","155000.00","TRUE","TRUE","https://placehold.co/900x900/0A0A12/C9A84C/png?text=Lattafa","1","Khamrah Dukhan Caja 100 ML","active"
"musaman-black-intense-100-ml","Musaman Black Intense 100 ML","<p>Musaman Black Intense 100 ML: una fragancia oriental de Lattafa. Estela distintiva y gran calidad a un precio justo, con envío a toda Colombia.</p>","Lattafa","Perfume Árabe","arabe, caballero, caja, oriental, lattafa","TRUE","Title","Default Title","shopify","9","deny","manual","190000.00","","TRUE","TRUE","https://placehold.co/900x900/0A0A12/C9A84C/png?text=Lattafa","1","Musaman Black Intense 100 ML","active"
"musaman-white-intense-100-ml","Musaman White Intense 100 ML","<p>Musaman White Intense 100 ML: una fragancia amaderada de Lattafa. Estela distintiva y gran calidad a un precio justo, con envío a toda Colombia.</p>","Lattafa","Perfume Árabe","arabe, caballero, caja, amaderado, lattafa","TRUE","Title","Default Title","shopify","9","deny","manual","190000.00","","TRUE","TRUE","https://placehold.co/900x900/0A0A12/C9A84C/png?text=Lattafa","1","Musaman White Intense 100 ML","active"
"musaman-100-ml","Musaman 100 ML","<p>Musaman 100 ML: una fragancia oriental de Lattafa. Estela distintiva y gran calidad a un precio justo, con envío a toda Colombia.</p>","Lattafa","Perfume Árabe","arabe, caballero, caja, oriental, lattafa","TRUE","Title","Default Title","shopify","8","deny","manual","190000.00","","TRUE","TRUE","https://placehold.co/900x900/0A0A12/C9A84C/png?text=Lattafa","1","Musaman 100 ML","active"
"now-woman-lattafa-100-ml","Now Woman Lattafa 100 ML","<p>Now Woman Lattafa 100 ML: una fragancia floral de Lattafa. Estela distintiva y gran calidad a un precio justo, con envío a toda Colombia.</p>","Lattafa","Perfume Árabe","arabe, dama, caja, floral, lattafa","TRUE","Title","Default Title","shopify","4","deny","manual","130000.00","","TRUE","TRUE","https://placehold.co/900x900/0A0A12/C9A84C/png?text=Lattafa","1","Now Woman Lattafa 100 ML","active"
"teriaq-lattafa-100-ml","Teriaq Lattafa 100 ML","<p>Teriaq Lattafa 100 ML: una fragancia gourmand de Lattafa. Estela distintiva y gran calidad a un precio justo, con envío a toda Colombia.</p>","Lattafa","Perfume Árabe","arabe, unisex, caja, gourmand, lattafa","TRUE","Title","Default Title","shopify","9","deny","manual","136000.00","","TRUE","TRUE","https://placehold.co/900x900/0A0A12/C9A84C/png?text=Lattafa","1","Teriaq Lattafa 100 ML","active"
"eclaire-pistache-100-ml","Eclaire Pistache 100 ML","<p>Eclaire Pistache 100 ML: una fragancia gourmand de Lattafa. Estela distintiva y gran calidad a un precio justo, con envío a toda Colombia.</p>","Lattafa","Perfume Árabe","arabe, dama, caja, gourmand, lattafa","TRUE","Title","Default Title","shopify","12","deny","manual","190000.00","","TRUE","TRUE","https://placehold.co/900x900/0A0A12/C9A84C/png?text=Lattafa","1","Eclaire Pistache 100 ML","active"
"eclaire-bananofi-100-ml","Eclaire Bananofi 100 ML","<p>Eclaire Bananofi 100 ML: una fragancia gourmand de Lattafa. Estela distintiva y gran calidad a un precio justo, con envío a toda Colombia.</p>","Lattafa","Perfume Árabe","arabe, dama, caja, gourmand, lattafa","TRUE","Title","Default Title","shopify","6","deny","manual","190000.00","238000.00","TRUE","TRUE","https://placehold.co/900x900/0A0A12/C9A84C/png?text=Lattafa","1","Eclaire Bananofi 100 ML","active"
"mayar-cherry-intense-100-ml","Mayar Cherry Intense 100 ML","<p>Mayar Cherry Intense 100 ML: una fragancia floral de Lattafa. Estela distintiva y gran calidad a un precio justo, con envío a toda Colombia.</p>","Lattafa","Perfume Árabe","arabe, dama, caja, floral, lattafa","TRUE","Title","Default Title","shopify","11","deny","manual","170000.00","","TRUE","TRUE","https://placehold.co/900x900/0A0A12/C9A84C/png?text=Lattafa","1","Mayar Cherry Intense 100 ML","active"
"mayar-natural-intense-100-ml","Mayar Natural Intense 100 ML","<p>Mayar Natural Intense 100 ML: una fragancia floral de Lattafa. Estela distintiva y gran calidad a un precio justo, con envío a toda Colombia.</p>","Lattafa","Perfume Árabe","arabe, dama, caja, floral, lattafa","TRUE","Title","Default Title","shopify","6","deny","manual","166000.00","208000.00","TRUE","TRUE","https://placehold.co/900x900/0A0A12/C9A84C/png?text=Lattafa","1","Mayar Natural Intense 100 ML","active"
"yara-lattafa-elixir-100-ml","Yara Lattafa Elixir 100 ML","<p>Yara Lattafa Elixir 100 ML: una fragancia floral de Lattafa. Estela distintiva y gran calidad a un precio justo, con envío a toda Colombia.</p>","Lattafa","Perfume Árabe","arabe, dama, caja, floral, lattafa","TRUE","Title","Default Title","shopify","8","deny","manual","130000.00","","TRUE","TRUE","https://placehold.co/900x900/0A0A12/C9A84C/png?text=Lattafa","1","Yara Lattafa Elixir 100 ML","active"
"yara-candy-100-ml","Yara Candy 100 ML","<p>Yara Candy 100 ML: una fragancia gourmand de Lattafa. Estela distintiva y gran calidad a un precio justo, con envío a toda Colombia.</p>","Lattafa","Perfume Árabe","arabe, dama, caja, gourmand, lattafa","TRUE","Title","Default Title","shopify","6","deny","manual","124000.00","","TRUE","TRUE","https://placehold.co/900x900/0A0A12/C9A84C/png?text=Lattafa","1","Yara Candy 100 ML","active"
"yara-tous-100-ml","Yara Tous 100 ML","<p>Yara Tous 100 ML: una fragancia floral de Lattafa. Estela distintiva y gran calidad a un precio justo, con envío a toda Colombia.</p>","Lattafa","Perfume Árabe","arabe, dama, caja, floral, lattafa","TRUE","Title","Default Title","shopify","3","deny","manual","124000.00","","TRUE","TRUE","https://placehold.co/900x900/0A0A12/C9A84C/png?text=Lattafa","1","Yara Tous 100 ML","active"
"yara-moi-100-ml","Yara Moi 100 ML","<p>Yara Moi 100 ML: una fragancia floral de Lattafa. Estela distintiva y gran calidad a un precio justo, con envío a toda Colombia.</p>","Lattafa","Perfume Árabe","arabe, dama, caja, floral, lattafa","TRUE","Title","Default Title","shopify","11","deny","manual","124000.00","155000.00","TRUE","TRUE","https://placehold.co/900x900/0A0A12/C9A84C/png?text=Lattafa","1","Yara Moi 100 ML","active"
"asad-bourbon-100-ml","Asad Bourbon 100 ML","<p>Asad Bourbon 100 ML: una fragancia amaderada de Lattafa. Estela distintiva y gran calidad a un precio justo, con envío a toda Colombia.</p>","Lattafa","Perfume Árabe","arabe, caballero, caja, amaderado, lattafa","TRUE","Title","Default Title","shopify","13","deny","manual","124000.00","155000.00","TRUE","TRUE","https://placehold.co/900x900/0A0A12/C9A84C/png?text=Lattafa","1","Asad Bourbon 100 ML","active"
"asad-zanzibar-100-ml","Asad Zanzibar 100 ML","<p>Asad Zanzibar 100 ML: una fragancia amaderada de Lattafa. Estela distintiva y gran calidad a un precio justo, con envío a toda Colombia.</p>","Lattafa","Perfume Árabe","arabe, caballero, caja, amaderado, lattafa","TRUE","Title","Default Title","shopify","4","deny","manual","130000.00","","TRUE","TRUE","https://placehold.co/900x900/0A0A12/C9A84C/png?text=Lattafa","1","Asad Zanzibar 100 ML","active"
"asad-lattafa-elixir-100-ml","Asad Lattafa Elixir 100 ML","<p>Asad Lattafa Elixir 100 ML: una fragancia oriental de Lattafa. Estela distintiva y gran calidad a un precio justo, con envío a toda Colombia.</p>","Lattafa","Perfume Árabe","arabe, caballero, caja, oriental, lattafa","TRUE","Title","Default Title","shopify","12","deny","manual","130000.00","","TRUE","TRUE","https://placehold.co/900x900/0A0A12/C9A84C/png?text=Lattafa","1","Asad Lattafa Elixir 100 ML","active"
"oud-for-glory-caja-100-ml","Oud For Glory Caja 100 ML","<p>Oud For Glory Caja 100 ML: una fragancia amaderada de Lattafa. Estela distintiva y gran calidad a un precio justo, con envío a toda Colombia.</p>","Lattafa","Perfume Árabe","arabe, unisex, caja, amaderado, lattafa","TRUE","Title","Default Title","shopify","3","deny","manual","124000.00","","TRUE","TRUE","https://placehold.co/900x900/0A0A12/C9A84C/png?text=Lattafa","1","Oud For Glory Caja 100 ML","active"
"lattafa-amethyst-cofre-100-ml","Lattafa Amethyst Cofre 100 ML","<p>Lattafa Amethyst Cofre 100 ML: una fragancia oriental de Lattafa. Estela distintiva y gran calidad a un precio justo, con envío a toda Colombia.</p>","Lattafa","Perfume Árabe","arabe, dama, cofre, oriental, lattafa","TRUE","Title","Default Title","shopify","15","deny","manual","184000.00","","TRUE","TRUE","https://placehold.co/900x900/0A0A12/C9A84C/png?text=Lattafa","1","Lattafa Amethyst Cofre 100 ML","active"
"lattafa-amethyst-caja-100-ml","Lattafa Amethyst Caja 100 ML","<p>Lattafa Amethyst Caja 100 ML: una fragancia oriental de Lattafa. Estela distintiva y gran calidad a un precio justo, con envío a toda Colombia.</p>","Lattafa","Perfume Árabe","arabe, dama, caja, oriental, lattafa","TRUE","Title","Default Title","shopify","15","deny","manual","124000.00","155000.00","TRUE","TRUE","https://placehold.co/900x900/0A0A12/C9A84C/png?text=Lattafa","1","Lattafa Amethyst Caja 100 ML","active"
"lattafa-sublime-cofre-100-ml","Lattafa Sublime Cofre 100 ML","<p>Lattafa Sublime Cofre 100 ML: una fragancia oriental de Lattafa. Estela distintiva y gran calidad a un precio justo, con envío a toda Colombia.</p>","Lattafa","Perfume Árabe","arabe, unisex, cofre, oriental, lattafa","TRUE","Title","Default Title","shopify","15","deny","manual","184000.00","","TRUE","TRUE","https://placehold.co/900x900/0A0A12/C9A84C/png?text=Lattafa","1","Lattafa Sublime Cofre 100 ML","active"
"lattafa-sublime-caja-100-ml","Lattafa Sublime Caja 100 ML","<p>Lattafa Sublime Caja 100 ML: una fragancia oriental de Lattafa. Estela distintiva y gran calidad a un precio justo, con envío a toda Colombia.</p>","Lattafa","Perfume Árabe","arabe, unisex, caja, oriental, lattafa","TRUE","Title","Default Title","shopify","10","deny","manual","124000.00","","TRUE","TRUE","https://placehold.co/900x900/0A0A12/C9A84C/png?text=Lattafa","1","Lattafa Sublime Caja 100 ML","active"
"honor-y-glory-cofre-100-ml","Honor & Glory Cofre 100 ML","<p>Honor & Glory Cofre 100 ML: una fragancia amaderada de Lattafa. Estela distintiva y gran calidad a un precio justo, con envío a toda Colombia.</p>","Lattafa","Perfume Árabe","arabe, caballero, cofre, amaderado, lattafa","TRUE","Title","Default Title","shopify","11","deny","manual","184000.00","230000.00","TRUE","TRUE","https://placehold.co/900x900/0A0A12/C9A84C/png?text=Lattafa","1","Honor & Glory Cofre 100 ML","active"
"honor-y-glory-caja-100-ml","Honor & Glory Caja 100 ML","<p>Honor & Glory Caja 100 ML: una fragancia amaderada de Lattafa. Estela distintiva y gran calidad a un precio justo, con envío a toda Colombia.</p>","Lattafa","Perfume Árabe","arabe, caballero, caja, amaderado, lattafa","TRUE","Title","Default Title","shopify","8","deny","manual","124000.00","155000.00","TRUE","TRUE","https://placehold.co/900x900/0A0A12/C9A84C/png?text=Lattafa","1","Honor & Glory Caja 100 ML","active"
"noble-blush-cofre-100-ml","Noble Blush Cofre 100 ML","<p>Noble Blush Cofre 100 ML: una fragancia floral de Lattafa. Estela distintiva y gran calidad a un precio justo, con envío a toda Colombia.</p>","Lattafa","Perfume Árabe","arabe, dama, cofre, floral, lattafa","TRUE","Title","Default Title","shopify","15","deny","manual","124000.00","155000.00","TRUE","TRUE","https://placehold.co/900x900/0A0A12/C9A84C/png?text=Lattafa","1","Noble Blush Cofre 100 ML","active"
"ajwad-lattafa-100-ml","Ajwad Lattafa 100 ML","<p>Ajwad Lattafa 100 ML: una fragancia gourmand de Lattafa. Estela distintiva y gran calidad a un precio justo, con envío a toda Colombia.</p>","Lattafa","Perfume Árabe","arabe, unisex, caja, gourmand, lattafa","TRUE","Title","Default Title","shopify","13","deny","manual","124000.00","","TRUE","TRUE","https://placehold.co/900x900/0A0A12/C9A84C/png?text=Lattafa","1","Ajwad Lattafa 100 ML","active"
"fakhar-rose-100-ml","Fakhár Rose 100 ML","<p>Fakhár Rose 100 ML: una fragancia floral de Lattafa. Estela distintiva y gran calidad a un precio justo, con envío a toda Colombia.</p>","Lattafa","Perfume Árabe","arabe, dama, caja, floral, lattafa","TRUE","Title","Default Title","shopify","9","deny","manual","190000.00","238000.00","TRUE","TRUE","https://placehold.co/900x900/0A0A12/C9A84C/png?text=Lattafa","1","Fakhár Rose 100 ML","active"
"fakhar-gold-extrait-100-ml","Fakhár Gold Extrait 100 ML","<p>Fakhár Gold Extrait 100 ML: una fragancia oriental de Lattafa. Estela distintiva y gran calidad a un precio justo, con envío a toda Colombia.</p>","Lattafa","Perfume Árabe","arabe, caballero, caja, oriental, lattafa","TRUE","Title","Default Title","shopify","12","deny","manual","190000.00","","TRUE","TRUE","https://placehold.co/900x900/0A0A12/C9A84C/png?text=Lattafa","1","Fakhár Gold Extrait 100 ML","active"
"shaheen-gold-100-ml","Shaheen Gold 100 ML","<p>Shaheen Gold 100 ML: una fragancia oriental de Lattafa. Estela distintiva y gran calidad a un precio justo, con envío a toda Colombia.</p>","Lattafa","Perfume Árabe","arabe, caballero, caja, oriental, lattafa","TRUE","Title","Default Title","shopify","5","deny","manual","190000.00","238000.00","TRUE","TRUE","https://placehold.co/900x900/0A0A12/C9A84C/png?text=Lattafa","1","Shaheen Gold 100 ML","active"
"shaheen-silver-100-ml","Shaheen Silver 100 ML","<p>Shaheen Silver 100 ML: una fragancia amaderada de Lattafa. Estela distintiva y gran calidad a un precio justo, con envío a toda Colombia.</p>","Lattafa","Perfume Árabe","arabe, caballero, caja, amaderado, lattafa","TRUE","Title","Default Title","shopify","10","deny","manual","190000.00","","TRUE","TRUE","https://placehold.co/900x900/0A0A12/C9A84C/png?text=Lattafa","1","Shaheen Silver 100 ML","active"
"marshmallow-blush-paris-corner-100-ml","Marshmallow Blush Paris Corner 100 ML","<p>Marshmallow Blush Paris Corner 100 ML: una fragancia gourmand de Paris Corner. Estela distintiva y gran calidad a un precio justo, con envío a toda Colombia.</p>","Paris Corner","Perfume Árabe","arabe, dama, caja, gourmand, paris-corner","TRUE","Title","Default Title","shopify","4","deny","manual","190000.00","238000.00","TRUE","TRUE","https://placehold.co/900x900/0A0A12/C9A84C/png?text=Paris%20Corner","1","Marshmallow Blush Paris Corner 100 ML","active"
"liquid-burn-cofre-100-ml","Liquid Burn Cofre 100 ML","<p>Liquid Burn Cofre 100 ML: una fragancia oriental de Paris Corner. Estela distintiva y gran calidad a un precio justo, con envío a toda Colombia.</p>","Paris Corner","Perfume Árabe","arabe, caballero, cofre, oriental, paris-corner","TRUE","Title","Default Title","shopify","5","deny","manual","184000.00","","TRUE","TRUE","https://placehold.co/900x900/0A0A12/C9A84C/png?text=Paris%20Corner","1","Liquid Burn Cofre 100 ML","active"
"vulcan-feu-100-ml","Vulcan Feu 100 ML","<p>Vulcan Feu 100 ML: una fragancia especiada de Maison Alhambra. Estela distintiva y gran calidad a un precio justo, con envío a toda Colombia.</p>","Maison Alhambra","Perfume Árabe","arabe, caballero, caja, especiado, maison-alhambra","TRUE","Title","Default Title","shopify","14","deny","manual","190000.00","238000.00","TRUE","TRUE","https://placehold.co/900x900/0A0A12/C9A84C/png?text=Maison%20Alhambra","1","Vulcan Feu 100 ML","active"
"vulcan-baie-100-ml","Vulcan Baie 100 ML","<p>Vulcan Baie 100 ML: una fragancia fresca de Maison Alhambra. Estela distintiva y gran calidad a un precio justo, con envío a toda Colombia.</p>","Maison Alhambra","Perfume Árabe","arabe, unisex, caja, fresco, maison-alhambra","TRUE","Title","Default Title","shopify","15","deny","manual","190000.00","238000.00","TRUE","TRUE","https://placehold.co/900x900/0A0A12/C9A84C/png?text=Maison%20Alhambra","1","Vulcan Baie 100 ML","active"
"vulcan-sable-100-ml","Vulcan Sable 100 ML","<p>Vulcan Sable 100 ML: una fragancia amaderada de Maison Alhambra. Estela distintiva y gran calidad a un precio justo, con envío a toda Colombia.</p>","Maison Alhambra","Perfume Árabe","arabe, caballero, caja, amaderado, maison-alhambra","TRUE","Title","Default Title","shopify","15","deny","manual","190000.00","","TRUE","TRUE","https://placehold.co/900x900/0A0A12/C9A84C/png?text=Maison%20Alhambra","1","Vulcan Sable 100 ML","active"
"amber-oud-gold-edition-cofre-100-ml","Amber Oud Gold Edition Cofre 100 ML","<p>Amber Oud Gold Edition Cofre 100 ML: una fragancia oriental de Al Haramain. Estela distintiva y gran calidad a un precio justo, con envío a toda Colombia.</p>","Al Haramain","Perfume Árabe","arabe, unisex, cofre, oriental, al-haramain","TRUE","Title","Default Title","shopify","12","deny","manual","184000.00","","TRUE","TRUE","https://placehold.co/900x900/0A0A12/C9A84C/png?text=Al%20Haramain","1","Amber Oud Gold Edition Cofre 100 ML","active"
"island-breeze-armaf-100-ml","Island Breeze Armaf 100 ML","<p>Island Breeze Armaf 100 ML: una fragancia fresca de Armaf. Estela distintiva y gran calidad a un precio justo, con envío a toda Colombia.</p>","Armaf","Perfume Árabe","arabe, caballero, caja, fresco, armaf","TRUE","Title","Default Title","shopify","14","deny","manual","190000.00","238000.00","TRUE","TRUE","https://placehold.co/900x900/0A0A12/C9A84C/png?text=Armaf","1","Island Breeze Armaf 100 ML","active"
"valentino-intense-100-ml","Valentino Intense 100 ML","<p>Valentino Intense 100 ML: una fragancia amaderada de Valentino. Estela distintiva y gran calidad a un precio justo, con envío a toda Colombia.</p>","Valentino","Perfume Masculino","masculino, caballero, caja, amaderado, valentino","TRUE","Title","Default Title","shopify","10","deny","manual","130000.00","163000.00","TRUE","TRUE","https://placehold.co/900x900/0A0A12/C9A84C/png?text=Valentino","1","Valentino Intense 100 ML","active"
"valentino-born-in-roma-100-ml","Valentino Born in Roma 100 ML","<p>Valentino Born in Roma 100 ML: una fragancia amaderada de Valentino. Estela distintiva y gran calidad a un precio justo, con envío a toda Colombia.</p>","Valentino","Perfume Masculino","masculino, caballero, caja, amaderado, valentino","TRUE","Title","Default Title","shopify","15","deny","manual","130000.00","","TRUE","TRUE","https://placehold.co/900x900/0A0A12/C9A84C/png?text=Valentino","1","Valentino Born in Roma 100 ML","active"
"nitro-red-by-dumont-100-ml","Nitro Red by Dumont 100 ML","<p>Nitro Red by Dumont 100 ML: una fragancia especiada de Dumont. Estela distintiva y gran calidad a un precio justo, con envío a toda Colombia.</p>","Dumont","Perfume Masculino","masculino, caballero, caja, especiado, dumont","TRUE","Title","Default Title","shopify","6","deny","manual","144000.00","","TRUE","TRUE","https://placehold.co/900x900/0A0A12/C9A84C/png?text=Dumont","1","Nitro Red by Dumont 100 ML","active"
"stronger-intensely-100-ml","Stronger Intensely 100 ML","<p>Stronger Intensely 100 ML: una fragancia especiada de Emporio Armani. Estela distintiva y gran calidad a un precio justo, con envío a toda Colombia.</p>","Emporio Armani","Perfume Masculino","masculino, caballero, caja, especiado, emporio-armani","TRUE","Title","Default Title","shopify","9","deny","manual","136000.00","","TRUE","TRUE","https://placehold.co/900x900/0A0A12/C9A84C/png?text=Emporio%20Armani","1","Stronger Intensely 100 ML","active"
"scandal-parfum-men-100-ml","Scandal Parfum Men 100 ML","<p>Scandal Parfum Men 100 ML: una fragancia amaderada de Jean Paul Gaultier. Estela distintiva y gran calidad a un precio justo, con envío a toda Colombia.</p>","Jean Paul Gaultier","Perfume Masculino","masculino, caballero, caja, amaderado, jean-paul-gaultier","TRUE","Title","Default Title","shopify","9","deny","manual","136000.00","170000.00","TRUE","TRUE","https://placehold.co/900x900/0A0A12/C9A84C/png?text=Jean%20Paul%20Gaultier","1","Scandal Parfum Men 100 ML","active"
"scandal-men-jp-100-ml","Scandal Men JP 100 ML","<p>Scandal Men JP 100 ML: una fragancia amaderada de Jean Paul Gaultier. Estela distintiva y gran calidad a un precio justo, con envío a toda Colombia.</p>","Jean Paul Gaultier","Perfume Masculino","masculino, caballero, caja, amaderado, jean-paul-gaultier","TRUE","Title","Default Title","shopify","12","deny","manual","126000.00","","TRUE","TRUE","https://placehold.co/900x900/0A0A12/C9A84C/png?text=Jean%20Paul%20Gaultier","1","Scandal Men JP 100 ML","active"
"scandal-absolu-100-ml","Scandal Absolu 100 ML","<p>Scandal Absolu 100 ML: una fragancia amaderada de Jean Paul Gaultier. Estela distintiva y gran calidad a un precio justo, con envío a toda Colombia.</p>","Jean Paul Gaultier","Perfume Masculino","masculino, caballero, caja, amaderado, jean-paul-gaultier","TRUE","Title","Default Title","shopify","9","deny","manual","126000.00","","TRUE","TRUE","https://placehold.co/900x900/0A0A12/C9A84C/png?text=Jean%20Paul%20Gaultier","1","Scandal Absolu 100 ML","active"
"le-male-le-parfum-120-ml","Le Male Le Parfum 120 ML","<p>Le Male Le Parfum 120 ML: una fragancia oriental de Jean Paul Gaultier. Estela distintiva y gran calidad a un precio justo, con envío a toda Colombia.</p>","Jean Paul Gaultier","Perfume Masculino","masculino, caballero, caja, oriental, jean-paul-gaultier","TRUE","Title","Default Title","shopify","8","deny","manual","146000.00","","TRUE","TRUE","https://placehold.co/900x900/0A0A12/C9A84C/png?text=Jean%20Paul%20Gaultier","1","Le Male Le Parfum 120 ML","active"
"le-male-elixir-absolu-120-ml","Le Male Elixir Absolu 120 ML","<p>Le Male Elixir Absolu 120 ML: una fragancia oriental de Jean Paul Gaultier. Estela distintiva y gran calidad a un precio justo, con envío a toda Colombia.</p>","Jean Paul Gaultier","Perfume Masculino","masculino, caballero, caja, oriental, jean-paul-gaultier","TRUE","Title","Default Title","shopify","5","deny","manual","146000.00","183000.00","TRUE","TRUE","https://placehold.co/900x900/0A0A12/C9A84C/png?text=Jean%20Paul%20Gaultier","1","Le Male Elixir Absolu 120 ML","active"
"le-male-elixir-lata-120-ml","Le Male Elixir Lata 120 ML","<p>Le Male Elixir Lata 120 ML: una fragancia oriental de Jean Paul Gaultier. Estela distintiva y gran calidad a un precio justo, con envío a toda Colombia.</p>","Jean Paul Gaultier","Perfume Masculino","masculino, caballero, caja, oriental, jean-paul-gaultier","TRUE","Title","Default Title","shopify","11","deny","manual","146000.00","183000.00","TRUE","TRUE","https://placehold.co/900x900/0A0A12/C9A84C/png?text=Jean%20Paul%20Gaultier","1","Le Male Elixir Lata 120 ML","active"
"jean-paul-le-beau-parfum-120-ml","Jean Paul Le Beau Parfum 120 ML","<p>Jean Paul Le Beau Parfum 120 ML: una fragancia amaderada de Jean Paul Gaultier. Estela distintiva y gran calidad a un precio justo, con envío a toda Colombia.</p>","Jean Paul Gaultier","Perfume Masculino","masculino, caballero, caja, amaderado, jean-paul-gaultier","TRUE","Title","Default Title","shopify","4","deny","manual","146000.00","","TRUE","TRUE","https://placehold.co/900x900/0A0A12/C9A84C/png?text=Jean%20Paul%20Gaultier","1","Jean Paul Le Beau Parfum 120 ML","active"
"jean-paul-paradise-garden-120-ml","Jean Paul Paradise Garden 120 ML","<p>Jean Paul Paradise Garden 120 ML: una fragancia fresca de Jean Paul Gaultier. Estela distintiva y gran calidad a un precio justo, con envío a toda Colombia.</p>","Jean Paul Gaultier","Perfume Masculino","masculino, caballero, caja, fresco, jean-paul-gaultier","TRUE","Title","Default Title","shopify","14","deny","manual","146000.00","183000.00","TRUE","TRUE","https://placehold.co/900x900/0A0A12/C9A84C/png?text=Jean%20Paul%20Gaultier","1","Jean Paul Paradise Garden 120 ML","active"
"jean-paul-le-beau-120-ml","Jean Paul Le Beau 120 ML","<p>Jean Paul Le Beau 120 ML: una fragancia amaderada de Jean Paul Gaultier. Estela distintiva y gran calidad a un precio justo, con envío a toda Colombia.</p>","Jean Paul Gaultier","Perfume Masculino","masculino, caballero, caja, amaderado, jean-paul-gaultier","TRUE","Title","Default Title","shopify","15","deny","manual","146000.00","","TRUE","TRUE","https://placehold.co/900x900/0A0A12/C9A84C/png?text=Jean%20Paul%20Gaultier","1","Jean Paul Le Beau 120 ML","active"
"jean-paul-ultramale-120-ml","Jean Paul Ultramale 120 ML","<p>Jean Paul Ultramale 120 ML: una fragancia oriental de Jean Paul Gaultier. Estela distintiva y gran calidad a un precio justo, con envío a toda Colombia.</p>","Jean Paul Gaultier","Perfume Masculino","masculino, caballero, caja, oriental, jean-paul-gaultier","TRUE","Title","Default Title","shopify","14","deny","manual","146000.00","","TRUE","TRUE","https://placehold.co/900x900/0A0A12/C9A84C/png?text=Jean%20Paul%20Gaultier","1","Jean Paul Ultramale 120 ML","active"
"le-male-lata-120-ml","Le Male Lata 120 ML","<p>Le Male Lata 120 ML: una fragancia fresca de Jean Paul Gaultier. Estela distintiva y gran calidad a un precio justo, con envío a toda Colombia.</p>","Jean Paul Gaultier","Perfume Masculino","masculino, caballero, caja, fresco, jean-paul-gaultier","TRUE","Title","Default Title","shopify","3","deny","manual","146000.00","","TRUE","TRUE","https://placehold.co/900x900/0A0A12/C9A84C/png?text=Jean%20Paul%20Gaultier","1","Le Male Lata 120 ML","active"
"yves-saint-laurent-100-ml","Yves Saint Laurent 100 ML","<p>Yves Saint Laurent 100 ML: una fragancia amaderada de Yves Saint Laurent. Estela distintiva y gran calidad a un precio justo, con envío a toda Colombia.</p>","Yves Saint Laurent","Perfume Masculino","masculino, caballero, caja, amaderado, yves-saint-laurent","TRUE","Title","Default Title","shopify","7","deny","manual","126000.00","","TRUE","TRUE","https://placehold.co/900x900/0A0A12/C9A84C/png?text=Yves%20Saint%20Laurent","1","Yves Saint Laurent 100 ML","active"
"sauvage-elixir-dior-60-ml","Sauvage Elixir Dior 60 ML","<p>Sauvage Elixir Dior 60 ML: una fragancia especiada de Dior. Estela distintiva y gran calidad a un precio justo, con envío a toda Colombia.</p>","Dior","Perfume Masculino","masculino, caballero, caja, especiado, dior","TRUE","Title","Default Title","shopify","15","deny","manual","144000.00","","TRUE","TRUE","https://placehold.co/900x900/0A0A12/C9A84C/png?text=Dior","1","Sauvage Elixir Dior 60 ML","active"
"one-million-gold-100-ml","One Million Gold 100 ML","<p>One Million Gold 100 ML: una fragancia especiada de Paco Rabanne. Estela distintiva y gran calidad a un precio justo, con envío a toda Colombia.</p>","Paco Rabanne","Perfume Masculino","masculino, caballero, caja, especiado, paco-rabanne","TRUE","Title","Default Title","shopify","14","deny","manual","126000.00","158000.00","TRUE","TRUE","https://placehold.co/900x900/0A0A12/C9A84C/png?text=Paco%20Rabanne","1","One Million Gold 100 ML","active"
"one-million-lucky-100-ml","One Million Lucky 100 ML","<p>One Million Lucky 100 ML: una fragancia especiada de Paco Rabanne. Estela distintiva y gran calidad a un precio justo, con envío a toda Colombia.</p>","Paco Rabanne","Perfume Masculino","masculino, caballero, caja, especiado, paco-rabanne","TRUE","Title","Default Title","shopify","11","deny","manual","116000.00","","TRUE","TRUE","https://placehold.co/900x900/0A0A12/C9A84C/png?text=Paco%20Rabanne","1","One Million Lucky 100 ML","active"
"one-million-prive-100-ml","One Million Prive 100 ML","<p>One Million Prive 100 ML: una fragancia especiada de Paco Rabanne. Estela distintiva y gran calidad a un precio justo, con envío a toda Colombia.</p>","Paco Rabanne","Perfume Masculino","masculino, caballero, caja, especiado, paco-rabanne","TRUE","Title","Default Title","shopify","4","deny","manual","116000.00","","TRUE","TRUE","https://placehold.co/900x900/0A0A12/C9A84C/png?text=Paco%20Rabanne","1","One Million Prive 100 ML","active"
"one-million-elixir-100-ml","One Million Elixir 100 ML","<p>One Million Elixir 100 ML: una fragancia especiada de Paco Rabanne. Estela distintiva y gran calidad a un precio justo, con envío a toda Colombia.</p>","Paco Rabanne","Perfume Masculino","masculino, caballero, caja, especiado, paco-rabanne","TRUE","Title","Default Title","shopify","10","deny","manual","124000.00","155000.00","TRUE","TRUE","https://placehold.co/900x900/0A0A12/C9A84C/png?text=Paco%20Rabanne","1","One Million Elixir 100 ML","active"
"one-million-royal-100-ml","One Million Royal 100 ML","<p>One Million Royal 100 ML: una fragancia especiada de Paco Rabanne. Estela distintiva y gran calidad a un precio justo, con envío a toda Colombia.</p>","Paco Rabanne","Perfume Masculino","masculino, caballero, caja, especiado, paco-rabanne","TRUE","Title","Default Title","shopify","10","deny","manual","124000.00","","TRUE","TRUE","https://placehold.co/900x900/0A0A12/C9A84C/png?text=Paco%20Rabanne","1","One Million Royal 100 ML","active"
"one-million-parfum-100-ml","One Million Parfum 100 ML","<p>One Million Parfum 100 ML: una fragancia especiada de Paco Rabanne. Estela distintiva y gran calidad a un precio justo, con envío a toda Colombia.</p>","Paco Rabanne","Perfume Masculino","masculino, caballero, caja, especiado, paco-rabanne","TRUE","Title","Default Title","shopify","11","deny","manual","124000.00","","TRUE","TRUE","https://placehold.co/900x900/0A0A12/C9A84C/png?text=Paco%20Rabanne","1","One Million Parfum 100 ML","active"
"invictus-parfum-100-ml","Invictus Parfum 100 ML","<p>Invictus Parfum 100 ML: una fragancia acuática de Paco Rabanne. Estela distintiva y gran calidad a un precio justo, con envío a toda Colombia.</p>","Paco Rabanne","Perfume Masculino","masculino, caballero, caja, acuatico, paco-rabanne","TRUE","Title","Default Title","shopify","10","deny","manual","124000.00","","TRUE","TRUE","https://placehold.co/900x900/0A0A12/C9A84C/png?text=Paco%20Rabanne","1","Invictus Parfum 100 ML","active"
"invictus-legend-100-ml","Invictus Legend 100 ML","<p>Invictus Legend 100 ML: una fragancia acuática de Paco Rabanne. Estela distintiva y gran calidad a un precio justo, con envío a toda Colombia.</p>","Paco Rabanne","Perfume Masculino","masculino, caballero, caja, acuatico, paco-rabanne","TRUE","Title","Default Title","shopify","13","deny","manual","116000.00","145000.00","TRUE","TRUE","https://placehold.co/900x900/0A0A12/C9A84C/png?text=Paco%20Rabanne","1","Invictus Legend 100 ML","active"
"invictus-intense-100-ml","Invictus Intense 100 ML","<p>Invictus Intense 100 ML: una fragancia acuática de Paco Rabanne. Estela distintiva y gran calidad a un precio justo, con envío a toda Colombia.</p>","Paco Rabanne","Perfume Masculino","masculino, caballero, caja, acuatico, paco-rabanne","TRUE","Title","Default Title","shopify","15","deny","manual","116000.00","","TRUE","TRUE","https://placehold.co/900x900/0A0A12/C9A84C/png?text=Paco%20Rabanne","1","Invictus Intense 100 ML","active"
"la-bomba-carolina-herrera-90-ml","La Bomba Carolina Herrera 90 ML","<p>La Bomba Carolina Herrera 90 ML: una fragancia floral de Carolina Herrera. Estela distintiva y gran calidad a un precio justo, con envío a toda Colombia.</p>","Carolina Herrera","Perfume Femenino","femenino, dama, caja, floral, carolina-herrera","TRUE","Title","Default Title","shopify","9","deny","manual","130000.00","","TRUE","TRUE","https://placehold.co/900x900/0A0A12/C9A84C/png?text=Carolina%20Herrera","1","La Bomba Carolina Herrera 90 ML","active"
"good-girl-velvet-fatale-80-ml","Good Girl Velvet Fatale 80 ML","<p>Good Girl Velvet Fatale 80 ML: una fragancia oriental de Carolina Herrera. Estela distintiva y gran calidad a un precio justo, con envío a toda Colombia.</p>","Carolina Herrera","Perfume Femenino","femenino, dama, caja, oriental, carolina-herrera","TRUE","Title","Default Title","shopify","15","deny","manual","130000.00","","TRUE","TRUE","https://placehold.co/900x900/0A0A12/C9A84C/png?text=Carolina%20Herrera","1","Good Girl Velvet Fatale 80 ML","active"
"good-girl-leguere-80-ml","Good Girl Leguere 80 ML","<p>Good Girl Leguere 80 ML: una fragancia oriental de Carolina Herrera. Estela distintiva y gran calidad a un precio justo, con envío a toda Colombia.</p>","Carolina Herrera","Perfume Femenino","femenino, dama, caja, oriental, carolina-herrera","TRUE","Title","Default Title","shopify","9","deny","manual","116000.00","145000.00","TRUE","TRUE","https://placehold.co/900x900/0A0A12/C9A84C/png?text=Carolina%20Herrera","1","Good Girl Leguere 80 ML","active"
"good-girl-so-very-80-ml","Good Girl So Very 80 ML","<p>Good Girl So Very 80 ML: una fragancia floral de Carolina Herrera. Estela distintiva y gran calidad a un precio justo, con envío a toda Colombia.</p>","Carolina Herrera","Perfume Femenino","femenino, dama, caja, floral, carolina-herrera","TRUE","Title","Default Title","shopify","3","deny","manual","126000.00","","TRUE","TRUE","https://placehold.co/900x900/0A0A12/C9A84C/png?text=Carolina%20Herrera","1","Good Girl So Very 80 ML","active"
"good-girl-supreme-80-ml","Good Girl Supreme 80 ML","<p>Good Girl Supreme 80 ML: una fragancia oriental de Carolina Herrera. Estela distintiva y gran calidad a un precio justo, con envío a toda Colombia.</p>","Carolina Herrera","Perfume Femenino","femenino, dama, caja, oriental, carolina-herrera","TRUE","Title","Default Title","shopify","13","deny","manual","124000.00","155000.00","TRUE","TRUE","https://placehold.co/900x900/0A0A12/C9A84C/png?text=Carolina%20Herrera","1","Good Girl Supreme 80 ML","active"
"good-girl-fantastic-pink-80-ml","Good Girl Fantastic Pink 80 ML","<p>Good Girl Fantastic Pink 80 ML: una fragancia gourmand de Carolina Herrera. Estela distintiva y gran calidad a un precio justo, con envío a toda Colombia.</p>","Carolina Herrera","Perfume Femenino","femenino, dama, caja, gourmand, carolina-herrera","TRUE","Title","Default Title","shopify","5","deny","manual","116000.00","145000.00","TRUE","TRUE","https://placehold.co/900x900/0A0A12/C9A84C/png?text=Carolina%20Herrera","1","Good Girl Fantastic Pink 80 ML","active"
"212-heroes-woman-80-ml","212 Heroes Woman 80 ML","<p>212 Heroes Woman 80 ML: una fragancia floral de Carolina Herrera. Estela distintiva y gran calidad a un precio justo, con envío a toda Colombia.</p>","Carolina Herrera","Perfume Femenino","femenino, dama, caja, floral, carolina-herrera","TRUE","Title","Default Title","shopify","7","deny","manual","116000.00","","TRUE","TRUE","https://placehold.co/900x900/0A0A12/C9A84C/png?text=Carolina%20Herrera","1","212 Heroes Woman 80 ML","active"
"212-vip-dama-80-ml","212 VIP Dama 80 ML","<p>212 VIP Dama 80 ML: una fragancia floral de Carolina Herrera. Estela distintiva y gran calidad a un precio justo, con envío a toda Colombia.</p>","Carolina Herrera","Perfume Femenino","femenino, dama, caja, floral, carolina-herrera","TRUE","Title","Default Title","shopify","15","deny","manual","120000.00","","TRUE","TRUE","https://placehold.co/900x900/0A0A12/C9A84C/png?text=Carolina%20Herrera","1","212 VIP Dama 80 ML","active"
"212-woman-100-ml","212 Woman 100 ML","<p>212 Woman 100 ML: una fragancia floral de Carolina Herrera. Estela distintiva y gran calidad a un precio justo, con envío a toda Colombia.</p>","Carolina Herrera","Perfume Femenino","femenino, dama, caja, floral, carolina-herrera","TRUE","Title","Default Title","shopify","9","deny","manual","120000.00","","TRUE","TRUE","https://placehold.co/900x900/0A0A12/C9A84C/png?text=Carolina%20Herrera","1","212 Woman 100 ML","active"
"212-sexy-woman-100-ml","212 Sexy Woman 100 ML","<p>212 Sexy Woman 100 ML: una fragancia oriental de Carolina Herrera. Estela distintiva y gran calidad a un precio justo, con envío a toda Colombia.</p>","Carolina Herrera","Perfume Femenino","femenino, dama, caja, oriental, carolina-herrera","TRUE","Title","Default Title","shopify","12","deny","manual","126000.00","158000.00","TRUE","TRUE","https://placehold.co/900x900/0A0A12/C9A84C/png?text=Carolina%20Herrera","1","212 Sexy Woman 100 ML","active"
"212-vip-red-rose-80-ml","212 VIP Red Rose 80 ML","<p>212 VIP Red Rose 80 ML: una fragancia floral de Carolina Herrera. Estela distintiva y gran calidad a un precio justo, con envío a toda Colombia.</p>","Carolina Herrera","Perfume Femenino","femenino, dama, caja, floral, carolina-herrera","TRUE","Title","Default Title","shopify","10","deny","manual","116000.00","","TRUE","TRUE","https://placehold.co/900x900/0A0A12/C9A84C/png?text=Carolina%20Herrera","1","212 VIP Red Rose 80 ML","active"
"212-vip-wins-woman-80-ml","212 VIP Wins Woman 80 ML","<p>212 VIP Wins Woman 80 ML: una fragancia floral de Carolina Herrera. Estela distintiva y gran calidad a un precio justo, con envío a toda Colombia.</p>","Carolina Herrera","Perfume Femenino","femenino, dama, caja, floral, carolina-herrera","TRUE","Title","Default Title","shopify","13","deny","manual","116000.00","145000.00","TRUE","TRUE","https://placehold.co/900x900/0A0A12/C9A84C/png?text=Carolina%20Herrera","1","212 VIP Wins Woman 80 ML","active"
"212-vip-wild-party-dama-80-ml","212 VIP Wild Party Dama 80 ML","<p>212 VIP Wild Party Dama 80 ML: una fragancia floral de Carolina Herrera. Estela distintiva y gran calidad a un precio justo, con envío a toda Colombia.</p>","Carolina Herrera","Perfume Femenino","femenino, dama, caja, floral, carolina-herrera","TRUE","Title","Default Title","shopify","10","deny","manual","116000.00","","TRUE","TRUE","https://placehold.co/900x900/0A0A12/C9A84C/png?text=Carolina%20Herrera","1","212 VIP Wild Party Dama 80 ML","active"
"bombshell-paradise-100-ml","Bombshell Paradise 100 ML","<p>Bombshell Paradise 100 ML: una fragancia floral de Victoria's Secret. Estela distintiva y gran calidad a un precio justo, con envío a toda Colombia.</p>","Victoria's Secret","Perfume Femenino","femenino, dama, caja, floral, victoria-s-secret","TRUE","Title","Default Title","shopify","12","deny","manual","116000.00","","TRUE","TRUE","https://placehold.co/900x900/0A0A12/C9A84C/png?text=Victoria's%20Secret","1","Bombshell Paradise 100 ML","active"
"bombshell-gold-100-ml","Bombshell Gold 100 ML","<p>Bombshell Gold 100 ML: una fragancia floral de Victoria's Secret. Estela distintiva y gran calidad a un precio justo, con envío a toda Colombia.</p>","Victoria's Secret","Perfume Femenino","femenino, dama, caja, floral, victoria-s-secret","TRUE","Title","Default Title","shopify","8","deny","manual","116000.00","145000.00","TRUE","TRUE","https://placehold.co/900x900/0A0A12/C9A84C/png?text=Victoria's%20Secret","1","Bombshell Gold 100 ML","active"
"bombshell-intense-100-ml","Bombshell Intense 100 ML","<p>Bombshell Intense 100 ML: una fragancia floral de Victoria's Secret. Estela distintiva y gran calidad a un precio justo, con envío a toda Colombia.</p>","Victoria's Secret","Perfume Femenino","femenino, dama, caja, floral, victoria-s-secret","TRUE","Title","Default Title","shopify","5","deny","manual","116000.00","145000.00","TRUE","TRUE","https://placehold.co/900x900/0A0A12/C9A84C/png?text=Victoria's%20Secret","1","Bombshell Intense 100 ML","active"
"bombshell-seduction-100-ml","Bombshell Seduction 100 ML","<p>Bombshell Seduction 100 ML: una fragancia floral de Victoria's Secret. Estela distintiva y gran calidad a un precio justo, con envío a toda Colombia.</p>","Victoria's Secret","Perfume Femenino","femenino, dama, caja, floral, victoria-s-secret","TRUE","Title","Default Title","shopify","10","deny","manual","116000.00","","TRUE","TRUE","https://placehold.co/900x900/0A0A12/C9A84C/png?text=Victoria's%20Secret","1","Bombshell Seduction 100 ML","active"
"bombshell-night-100-ml","Bombshell Night 100 ML","<p>Bombshell Night 100 ML: una fragancia oriental de Victoria's Secret. Estela distintiva y gran calidad a un precio justo, con envío a toda Colombia.</p>","Victoria's Secret","Perfume Femenino","femenino, dama, caja, oriental, victoria-s-secret","TRUE","Title","Default Title","shopify","10","deny","manual","126000.00","","TRUE","TRUE","https://placehold.co/900x900/0A0A12/C9A84C/png?text=Victoria's%20Secret","1","Bombshell Night 100 ML","active"
"victoria-very-sexy-sea-100-ml","Victoria Very Sexy Sea 100 ML","<p>Victoria Very Sexy Sea 100 ML: una fragancia floral de Victoria's Secret. Estela distintiva y gran calidad a un precio justo, con envío a toda Colombia.</p>","Victoria's Secret","Perfume Femenino","femenino, dama, caja, floral, victoria-s-secret","TRUE","Title","Default Title","shopify","5","deny","manual","130000.00","163000.00","TRUE","TRUE","https://placehold.co/900x900/0A0A12/C9A84C/png?text=Victoria's%20Secret","1","Victoria Very Sexy Sea 100 ML","active"
"victoria-very-sexy-oasis-100-ml","Victoria Very Sexy Oasis 100 ML","<p>Victoria Very Sexy Oasis 100 ML: una fragancia floral de Victoria's Secret. Estela distintiva y gran calidad a un precio justo, con envío a toda Colombia.</p>","Victoria's Secret","Perfume Femenino","femenino, dama, caja, floral, victoria-s-secret","TRUE","Title","Default Title","shopify","8","deny","manual","130000.00","","TRUE","TRUE","https://placehold.co/900x900/0A0A12/C9A84C/png?text=Victoria's%20Secret","1","Victoria Very Sexy Oasis 100 ML","active"
"victoria-very-sexy-night-100-ml","Victoria Very Sexy Night 100 ML","<p>Victoria Very Sexy Night 100 ML: una fragancia oriental de Victoria's Secret. Estela distintiva y gran calidad a un precio justo, con envío a toda Colombia.</p>","Victoria's Secret","Perfume Femenino","femenino, dama, caja, oriental, victoria-s-secret","TRUE","Title","Default Title","shopify","7","deny","manual","130000.00","163000.00","TRUE","TRUE","https://placehold.co/900x900/0A0A12/C9A84C/png?text=Victoria's%20Secret","1","Victoria Very Sexy Night 100 ML","active"
"love-me-tous-onyx-90-ml","Love Me Tous Onyx 90 ML","<p>Love Me Tous Onyx 90 ML: una fragancia floral de Tous. Estela distintiva y gran calidad a un precio justo, con envío a toda Colombia.</p>","Tous","Perfume Femenino","femenino, dama, caja, floral, tous","TRUE","Title","Default Title","shopify","13","deny","manual","126000.00","158000.00","TRUE","TRUE","https://placehold.co/900x900/0A0A12/C9A84C/png?text=Tous","1","Love Me Tous Onyx 90 ML","active"
"love-me-tous-esmeralda-90-ml","Love Me Tous Esmeralda 90 ML","<p>Love Me Tous Esmeralda 90 ML: una fragancia floral de Tous. Estela distintiva y gran calidad a un precio justo, con envío a toda Colombia.</p>","Tous","Perfume Femenino","femenino, dama, caja, floral, tous","TRUE","Title","Default Title","shopify","5","deny","manual","126000.00","","TRUE","TRUE","https://placehold.co/900x900/0A0A12/C9A84C/png?text=Tous","1","Love Me Tous Esmeralda 90 ML","active"
"cloud-pink-ariana-grande-100-ml","Cloud Pink Ariana Grande 100 ML","<p>Cloud Pink Ariana Grande 100 ML: una fragancia gourmand de Ariana Grande. Estela distintiva y gran calidad a un precio justo, con envío a toda Colombia.</p>","Ariana Grande","Perfume Femenino","femenino, dama, caja, gourmand, ariana-grande","TRUE","Title","Default Title","shopify","12","deny","manual","126000.00","158000.00","TRUE","TRUE","https://placehold.co/900x900/0A0A12/C9A84C/png?text=Ariana%20Grande","1","Cloud Pink Ariana Grande 100 ML","active"
"thank-u-next-ariana-grande-100-ml","Thank U Next Ariana Grande 100 ML","<p>Thank U Next Ariana Grande 100 ML: una fragancia gourmand de Ariana Grande. Estela distintiva y gran calidad a un precio justo, con envío a toda Colombia.</p>","Ariana Grande","Perfume Femenino","femenino, dama, caja, gourmand, ariana-grande","TRUE","Title","Default Title","shopify","3","deny","manual","126000.00","158000.00","TRUE","TRUE","https://placehold.co/900x900/0A0A12/C9A84C/png?text=Ariana%20Grande","1","Thank U Next Ariana Grande 100 ML","active"
"orientica-rouge-body-spray-200-ml","Orientica Rouge Body Spray 200 ML","<p>Orientica Rouge Body Spray 200 ML: una fragancia oriental de Orientica. Estela distintiva y gran calidad a un precio justo, con envío a toda Colombia.</p>","Orientica","Body Spray","body-spray, unisex, spray, oriental, orientica","TRUE","Title","Default Title","shopify","12","deny","manual","62000.00","78000.00","TRUE","TRUE","https://placehold.co/900x900/0A0A12/C9A84C/png?text=Orientica","1","Orientica Rouge Body Spray 200 ML","active"
"orientica-velvet-body-spray-200-ml","Orientica Velvet Body Spray 200 ML","<p>Orientica Velvet Body Spray 200 ML: una fragancia oriental de Orientica. Estela distintiva y gran calidad a un precio justo, con envío a toda Colombia.</p>","Orientica","Body Spray","body-spray, unisex, spray, oriental, orientica","TRUE","Title","Default Title","shopify","4","deny","manual","62000.00","","TRUE","TRUE","https://placehold.co/900x900/0A0A12/C9A84C/png?text=Orientica","1","Orientica Velvet Body Spray 200 ML","active"
"azure-fantasy-body-spray-200-ml","Azure Fantasy Body Spray 200 ML","<p>Azure Fantasy Body Spray 200 ML: una fragancia fresca de Armaf. Estela distintiva y gran calidad a un precio justo, con envío a toda Colombia.</p>","Armaf","Body Spray","body-spray, caballero, spray, fresco, armaf","TRUE","Title","Default Title","shopify","4","deny","manual","62000.00","","TRUE","TRUE","https://placehold.co/900x900/0A0A12/C9A84C/png?text=Armaf","1","Azure Fantasy Body Spray 200 ML","active"
"oud-saffron-body-spray-200-ml","Oud Saffron Body Spray 200 ML","<p>Oud Saffron Body Spray 200 ML: una fragancia oriental de Armaf. Estela distintiva y gran calidad a un precio justo, con envío a toda Colombia.</p>","Armaf","Body Spray","body-spray, caballero, spray, oriental, armaf","TRUE","Title","Default Title","shopify","15","deny","manual","62000.00","78000.00","TRUE","TRUE","https://placehold.co/900x900/0A0A12/C9A84C/png?text=Armaf","1","Oud Saffron Body Spray 200 ML","active"
"lattafa-sublime-body-spray-200-ml","Lattafa Sublime Body Spray 200 ML","<p>Lattafa Sublime Body Spray 200 ML: una fragancia oriental de Lattafa. Estela distintiva y gran calidad a un precio justo, con envío a toda Colombia.</p>","Lattafa","Body Spray","body-spray, unisex, spray, oriental, lattafa","TRUE","Title","Default Title","shopify","5","deny","manual","62000.00","","TRUE","TRUE","https://placehold.co/900x900/0A0A12/C9A84C/png?text=Lattafa","1","Lattafa Sublime Body Spray 200 ML","active"
"lattafa-amethysta-body-spray-200-ml","Lattafa Amethysta Body Spray 200 ML","<p>Lattafa Amethysta Body Spray 200 ML: una fragancia oriental de Lattafa. Estela distintiva y gran calidad a un precio justo, con envío a toda Colombia.</p>","Lattafa","Body Spray","body-spray, unisex, spray, oriental, lattafa","TRUE","Title","Default Title","shopify","14","deny","manual","62000.00","","TRUE","TRUE","https://placehold.co/900x900/0A0A12/C9A84C/png?text=Lattafa","1","Lattafa Amethysta Body Spray 200 ML","active"
"lattafa-oud-for-glory-body-spray-200-ml","Lattafa Oud For Glory Body Spray 200 ML","<p>Lattafa Oud For Glory Body Spray 200 ML: una fragancia amaderada de Lattafa. Estela distintiva y gran calidad a un precio justo, con envío a toda Colombia.</p>","Lattafa","Body Spray","body-spray, caballero, spray, amaderado, lattafa","TRUE","Title","Default Title","shopify","11","deny","manual","62000.00","","TRUE","TRUE","https://placehold.co/900x900/0A0A12/C9A84C/png?text=Lattafa","1","Lattafa Oud For Glory Body Spray 200 ML","active"
"lattafa-noble-blush-body-spray-200-ml","Lattafa Noble Blush Body Spray 200 ML","<p>Lattafa Noble Blush Body Spray 200 ML: una fragancia floral de Lattafa. Estela distintiva y gran calidad a un precio justo, con envío a toda Colombia.</p>","Lattafa","Body Spray","body-spray, dama, spray, floral, lattafa","TRUE","Title","Default Title","shopify","15","deny","manual","58000.00","73000.00","TRUE","TRUE","https://placehold.co/900x900/0A0A12/C9A84C/png?text=Lattafa","1","Lattafa Noble Blush Body Spray 200 ML","active"
"lattafa-honor-y-glory-body-spray-200-ml","Lattafa Honor & Glory Body Spray 200 ML","<p>Lattafa Honor & Glory Body Spray 200 ML: una fragancia amaderada de Lattafa. Estela distintiva y gran calidad a un precio justo, con envío a toda Colombia.</p>","Lattafa","Body Spray","body-spray, unisex, spray, amaderado, lattafa","TRUE","Title","Default Title","shopify","6","deny","manual","62000.00","","TRUE","TRUE","https://placehold.co/900x900/0A0A12/C9A84C/png?text=Lattafa","1","Lattafa Honor & Glory Body Spray 200 ML","active"
"jean-paul-divine-body-spray-200-ml","Jean Paul Divine Body Spray 200 ML","<p>Jean Paul Divine Body Spray 200 ML: una fragancia floral de Jean Paul Gaultier. Estela distintiva y gran calidad a un precio justo, con envío a toda Colombia.</p>","Jean Paul Gaultier","Body Spray","body-spray, dama, spray, floral, jean-paul-gaultier","TRUE","Title","Default Title","shopify","13","deny","manual","58000.00","","TRUE","TRUE","https://placehold.co/900x900/0A0A12/C9A84C/png?text=Jean%20Paul%20Gaultier","1","Jean Paul Divine Body Spray 200 ML","active"
"ultra-violet-body-spray-200-ml","Ultra Violet Body Spray 200 ML","<p>Ultra Violet Body Spray 200 ML: una fragancia floral de Al Haramain. Estela distintiva y gran calidad a un precio justo, con envío a toda Colombia.</p>","Al Haramain","Body Spray","body-spray, dama, spray, floral, al-haramain","TRUE","Title","Default Title","shopify","6","deny","manual","58000.00","","TRUE","TRUE","https://placehold.co/900x900/0A0A12/C9A84C/png?text=Al%20Haramain","1","Ultra Violet Body Spray 200 ML","active"
"mandarin-sky-body-spray-200-ml","Mandarin Sky Body Spray 200 ML","<p>Mandarin Sky Body Spray 200 ML: una fragancia fresca de Armaf. Estela distintiva y gran calidad a un precio justo, con envío a toda Colombia.</p>","Armaf","Body Spray","body-spray, unisex, spray, fresco, armaf","TRUE","Title","Default Title","shopify","6","deny","manual","62000.00","","TRUE","TRUE","https://placehold.co/900x900/0A0A12/C9A84C/png?text=Armaf","1","Mandarin Sky Body Spray 200 ML","active"
"odyssey-candee-body-spray-200-ml","Odyssey Candee Body Spray 200 ML","<p>Odyssey Candee Body Spray 200 ML: una fragancia gourmand de Armaf. Estela distintiva y gran calidad a un precio justo, con envío a toda Colombia.</p>","Armaf","Body Spray","body-spray, dama, spray, gourmand, armaf","TRUE","Title","Default Title","shopify","14","deny","manual","58000.00","","TRUE","TRUE","https://placehold.co/900x900/0A0A12/C9A84C/png?text=Armaf","1","Odyssey Candee Body Spray 200 ML","active"
"club-de-nuit-untold-body-spray-200-ml","Club de Nuit Untold Body Spray 200 ML","<p>Club de Nuit Untold Body Spray 200 ML: una fragancia amaderada de Armaf. Estela distintiva y gran calidad a un precio justo, con envío a toda Colombia.</p>","Armaf","Body Spray","body-spray, unisex, spray, amaderado, armaf","TRUE","Title","Default Title","shopify","8","deny","manual","62000.00","","TRUE","TRUE","https://placehold.co/900x900/0A0A12/C9A84C/png?text=Armaf","1","Club de Nuit Untold Body Spray 200 ML","active"
"thank-u-next-body-spray-200-ml","Thank U Next Body Spray 200 ML","<p>Thank U Next Body Spray 200 ML: una fragancia gourmand de Ariana Grande. Estela distintiva y gran calidad a un precio justo, con envío a toda Colombia.</p>","Ariana Grande","Body Spray","body-spray, dama, spray, gourmand, ariana-grande","TRUE","Title","Default Title","shopify","12","deny","manual","58000.00","","TRUE","TRUE","https://placehold.co/900x900/0A0A12/C9A84C/png?text=Ariana%20Grande","1","Thank U Next Body Spray 200 ML","active"
"cloud-body-spray-200-ml","Cloud Body Spray 200 ML","<p>Cloud Body Spray 200 ML: una fragancia gourmand de Ariana Grande. Estela distintiva y gran calidad a un precio justo, con envío a toda Colombia.</p>","Ariana Grande","Body Spray","body-spray, dama, spray, gourmand, ariana-grande","TRUE","Title","Default Title","shopify","3","deny","manual","58000.00","","TRUE","TRUE","https://placehold.co/900x900/0A0A12/C9A84C/png?text=Ariana%20Grande","1","Cloud Body Spray 200 ML","active"
"khamrah-lattafa-body-spray-200-ml","Khamrah Lattafa Body Spray 200 ML","<p>Khamrah Lattafa Body Spray 200 ML: una fragancia gourmand de Lattafa. Estela distintiva y gran calidad a un precio justo, con envío a toda Colombia.</p>","Lattafa","Body Spray","body-spray, unisex, spray, gourmand, lattafa","TRUE","Title","Default Title","shopify","8","deny","manual","62000.00","","TRUE","TRUE","https://placehold.co/900x900/0A0A12/C9A84C/png?text=Lattafa","1","Khamrah Lattafa Body Spray 200 ML","active"
"asad-zanzibar-body-spray-200-ml","Asad Zanzibar Body Spray 200 ML","<p>Asad Zanzibar Body Spray 200 ML: una fragancia amaderada de Lattafa. Estela distintiva y gran calidad a un precio justo, con envío a toda Colombia.</p>","Lattafa","Body Spray","body-spray, caballero, spray, amaderado, lattafa","TRUE","Title","Default Title","shopify","3","deny","manual","62000.00","","TRUE","TRUE","https://placehold.co/900x900/0A0A12/C9A84C/png?text=Lattafa","1","Asad Zanzibar Body Spray 200 ML","active"
"yara-candy-body-spray-200-ml","Yara Candy Body Spray 200 ML","<p>Yara Candy Body Spray 200 ML: una fragancia gourmand de Lattafa. Estela distintiva y gran calidad a un precio justo, con envío a toda Colombia.</p>","Lattafa","Body Spray","body-spray, dama, spray, gourmand, lattafa","TRUE","Title","Default Title","shopify","8","deny","manual","58000.00","","TRUE","TRUE","https://placehold.co/900x900/0A0A12/C9A84C/png?text=Lattafa","1","Yara Candy Body Spray 200 ML","active"
"set-mini-club-de-nuit-30-ml-men","Set Mini Club de Nuit 30 ML Men","<p>Set Mini Club de Nuit 30 ML Men: una fragancia amaderada de Armaf. Estela distintiva y gran calidad a un precio justo, con envío a toda Colombia.</p>","Armaf","Set de Regalo","set, caballero, amaderado, armaf","TRUE","Title","Default Title","shopify","14","deny","manual","190000.00","","TRUE","TRUE","https://placehold.co/900x900/0A0A12/C9A84C/png?text=Armaf","1","Set Mini Club de Nuit 30 ML Men","active"
"set-odyssey-mini-50-ml","Set Odyssey Mini 50 ML","<p>Set Odyssey Mini 50 ML: una fragancia oriental de Armaf. Estela distintiva y gran calidad a un precio justo, con envío a toda Colombia.</p>","Armaf","Set de Regalo","set, unisex, oriental, armaf","TRUE","Title","Default Title","shopify","5","deny","manual","190000.00","","TRUE","TRUE","https://placehold.co/900x900/0A0A12/C9A84C/png?text=Armaf","1","Set Odyssey Mini 50 ML","active"
"set-mini-yara-30-ml-x4-mixto","Set Mini Yara 30 ML x4 Mixto","<p>Set Mini Yara 30 ML x4 Mixto: una fragancia floral de Lattafa. Estela distintiva y gran calidad a un precio justo, con envío a toda Colombia.</p>","Lattafa","Set de Regalo","set, unisex, floral, lattafa","TRUE","Title","Default Title","shopify","5","deny","manual","170000.00","","TRUE","TRUE","https://placehold.co/900x900/0A0A12/C9A84C/png?text=Lattafa","1","Set Mini Yara 30 ML x4 Mixto","active"
"set-mini-moschino-30-ml","Set Mini Moschino 30 ML","<p>Set Mini Moschino 30 ML: una fragancia gourmand de Moschino. Estela distintiva y gran calidad a un precio justo, con envío a toda Colombia.</p>","Moschino","Set de Regalo","set, dama, gourmand, moschino","TRUE","Title","Default Title","shopify","13","deny","manual","176000.00","","TRUE","TRUE","https://placehold.co/900x900/0A0A12/C9A84C/png?text=Moschino","1","Set Mini Moschino 30 ML","active"
"set-mini-ilmin-30-ml","Set Mini Ilmin 30 ML","<p>Set Mini Ilmin 30 ML: una fragancia amaderada de Ilmin. Estela distintiva y gran calidad a un precio justo, con envío a toda Colombia.</p>","Ilmin","Set de Regalo","set, unisex, amaderado, ilmin","TRUE","Title","Default Title","shopify","8","deny","manual","200000.00","250000.00","TRUE","TRUE","https://placehold.co/900x900/0A0A12/C9A84C/png?text=Ilmin","1","Set Mini Ilmin 30 ML","active"
"set-mini-orientica-collection-5-ml","Set Mini Orientica Collection 5 ML","<p>Set Mini Orientica Collection 5 ML: una fragancia oriental de Orientica. Estela distintiva y gran calidad a un precio justo, con envío a toda Colombia.</p>","Orientica","Set de Regalo","set, unisex, oriental, orientica","TRUE","Title","Default Title","shopify","10","deny","manual","210000.00","","TRUE","TRUE","https://placehold.co/900x900/0A0A12/C9A84C/png?text=Orientica","1","Set Mini Orientica Collection 5 ML","active"
"set-bolso-crema-perfume-60-ml-khamrah","Set Bolso + Crema + Perfume 60 ML + Khamrah","<p>Set Bolso + Crema + Perfume 60 ML + Khamrah: una fragancia gourmand de Lattafa. Estela distintiva y gran calidad a un precio justo, con envío a toda Colombia.</p>","Lattafa","Set de Regalo","set, unisex, gourmand, lattafa","TRUE","Title","Default Title","shopify","5","deny","manual","210000.00","","TRUE","TRUE","https://placehold.co/900x900/0A0A12/C9A84C/png?text=Lattafa","1","Set Bolso + Crema + Perfume 60 ML + Khamrah","active"
"set-bolso-crema-perfume-60-ml-mandarin-sky","Set Bolso + Crema + Perfume 60 ML + Mandarin Sky","<p>Set Bolso + Crema + Perfume 60 ML + Mandarin Sky: una fragancia fresca de Armaf. Estela distintiva y gran calidad a un precio justo, con envío a toda Colombia.</p>","Armaf","Set de Regalo","set, unisex, fresco, armaf","TRUE","Title","Default Title","shopify","14","deny","manual","210000.00","263000.00","TRUE","TRUE","https://placehold.co/900x900/0A0A12/C9A84C/png?text=Armaf","1","Set Bolso + Crema + Perfume 60 ML + Mandarin Sky","active"
"set-bolso-crema-perfume-60-ml-odyssey-candee","Set Bolso + Crema + Perfume 60 ML + Odyssey Candee","<p>Set Bolso + Crema + Perfume 60 ML + Odyssey Candee: una fragancia gourmand de Armaf. Estela distintiva y gran calidad a un precio justo, con envío a toda Colombia.</p>","Armaf","Set de Regalo","set, dama, gourmand, armaf","TRUE","Title","Default Title","shopify","7","deny","manual","210000.00","","TRUE","TRUE","https://placehold.co/900x900/0A0A12/C9A84C/png?text=Armaf","1","Set Bolso + Crema + Perfume 60 ML + Odyssey Candee","active"
"set-bolso-crema-perfume-60-ml-yum-yum","Set Bolso + Crema + Perfume 60 ML + Yum Yum","<p>Set Bolso + Crema + Perfume 60 ML + Yum Yum: una fragancia gourmand de Lattafa. Estela distintiva y gran calidad a un precio justo, con envío a toda Colombia.</p>","Lattafa","Set de Regalo","set, dama, gourmand, lattafa","TRUE","Title","Default Title","shopify","9","deny","manual","210000.00","263000.00","TRUE","TRUE","https://placehold.co/900x900/0A0A12/C9A84C/png?text=Lattafa","1","Set Bolso + Crema + Perfume 60 ML + Yum Yum","active"
"kit-crema-splash-perfume-club-de-nuit-30ml","Kit Crema + Splash + Perfume Club de Nuit + 30ML","<p>Kit Crema + Splash + Perfume Club de Nuit + 30ML: una fragancia amaderada de Armaf. Estela distintiva y gran calidad a un precio justo, con envío a toda Colombia.</p>","Armaf","Set de Regalo","set, caballero, amaderado, armaf","TRUE","Title","Default Title","shopify","14","deny","manual","190000.00","","TRUE","TRUE","https://placehold.co/900x900/0A0A12/C9A84C/png?text=Armaf","1","Kit Crema + Splash + Perfume Club de Nuit + 30ML","active"
"kit-crema-splash-perfume-mandarin-sky","Kit Crema + Splash + Perfume Mandarin Sky","<p>Kit Crema + Splash + Perfume Mandarin Sky: una fragancia fresca de Armaf. Estela distintiva y gran calidad a un precio justo, con envío a toda Colombia.</p>","Armaf","Set de Regalo","set, unisex, fresco, armaf","TRUE","Title","Default Title","shopify","4","deny","manual","170000.00","213000.00","TRUE","TRUE","https://placehold.co/900x900/0A0A12/C9A84C/png?text=Armaf","1","Kit Crema + Splash + Perfume Mandarin Sky","active"
"kit-crema-splash-perfume-le-male-elixir","Kit Crema + Splash + Perfume Le Male Elixir","<p>Kit Crema + Splash + Perfume Le Male Elixir: una fragancia oriental de Jean Paul Gaultier. Estela distintiva y gran calidad a un precio justo, con envío a toda Colombia.</p>","Jean Paul Gaultier","Set de Regalo","set, caballero, oriental, jean-paul-gaultier","TRUE","Title","Default Title","shopify","4","deny","manual","170000.00","213000.00","TRUE","TRUE","https://placehold.co/900x900/0A0A12/C9A84C/png?text=Jean%20Paul%20Gaultier","1","Kit Crema + Splash + Perfume Le Male Elixir","active"
"kit-crema-splash-perfume-le-beau-parfum","Kit Crema + Splash + Perfume Le Beau Parfum","<p>Kit Crema + Splash + Perfume Le Beau Parfum: una fragancia amaderada de Jean Paul Gaultier. Estela distintiva y gran calidad a un precio justo, con envío a toda Colombia.</p>","Jean Paul Gaultier","Set de Regalo","set, caballero, amaderado, jean-paul-gaultier","TRUE","Title","Default Title","shopify","6","deny","manual","170000.00","","TRUE","TRUE","https://placehold.co/900x900/0A0A12/C9A84C/png?text=Jean%20Paul%20Gaultier","1","Kit Crema + Splash + Perfume Le Beau Parfum","active"
"kit-crema-splash-perfume-asad","Kit Crema + Splash + Perfume Asad","<p>Kit Crema + Splash + Perfume Asad: una fragancia amaderada de Lattafa. Estela distintiva y gran calidad a un precio justo, con envío a toda Colombia.</p>","Lattafa","Set de Regalo","set, caballero, amaderado, lattafa","TRUE","Title","Default Title","shopify","5","deny","manual","170000.00","","TRUE","TRUE","https://placehold.co/900x900/0A0A12/C9A84C/png?text=Lattafa","1","Kit Crema + Splash + Perfume Asad","active"
"kit-crema-splash-perfume-asad-bourbon","Kit Crema + Splash + Perfume Asad Bourbon","<p>Kit Crema + Splash + Perfume Asad Bourbon: una fragancia amaderada de Lattafa. Estela distintiva y gran calidad a un precio justo, con envío a toda Colombia.</p>","Lattafa","Set de Regalo","set, caballero, amaderado, lattafa","TRUE","Title","Default Title","shopify","5","deny","manual","170000.00","213000.00","TRUE","TRUE","https://placehold.co/900x900/0A0A12/C9A84C/png?text=Lattafa","1","Kit Crema + Splash + Perfume Asad Bourbon","active"
"kit-crema-splash-perfume-fakhar-black","Kit Crema + Splash + Perfume Fakhár Black","<p>Kit Crema + Splash + Perfume Fakhár Black: una fragancia amaderada de Lattafa. Estela distintiva y gran calidad a un precio justo, con envío a toda Colombia.</p>","Lattafa","Set de Regalo","set, caballero, amaderado, lattafa","TRUE","Title","Default Title","shopify","13","deny","manual","170000.00","213000.00","TRUE","TRUE","https://placehold.co/900x900/0A0A12/C9A84C/png?text=Lattafa","1","Kit Crema + Splash + Perfume Fakhár Black","active"
"kit-crema-splash-perfume-amethysta","Kit Crema + Splash + Perfume Amethysta","<p>Kit Crema + Splash + Perfume Amethysta: una fragancia oriental de Lattafa. Estela distintiva y gran calidad a un precio justo, con envío a toda Colombia.</p>","Lattafa","Set de Regalo","set, dama, oriental, lattafa","TRUE","Title","Default Title","shopify","15","deny","manual","170000.00","","TRUE","TRUE","https://placehold.co/900x900/0A0A12/C9A84C/png?text=Lattafa","1","Kit Crema + Splash + Perfume Amethysta","active"
"kit-crema-splash-perfume-eclaire","Kit Crema + Splash + Perfume Eclaire","<p>Kit Crema + Splash + Perfume Eclaire: una fragancia gourmand de Lattafa. Estela distintiva y gran calidad a un precio justo, con envío a toda Colombia.</p>","Lattafa","Set de Regalo","set, dama, gourmand, lattafa","TRUE","Title","Default Title","shopify","13","deny","manual","170000.00","","TRUE","TRUE","https://placehold.co/900x900/0A0A12/C9A84C/png?text=Lattafa","1","Kit Crema + Splash + Perfume Eclaire","active"
"kit-crema-splash-perfume-yara","Kit Crema + Splash + Perfume Yara","<p>Kit Crema + Splash + Perfume Yara: una fragancia floral de Lattafa. Estela distintiva y gran calidad a un precio justo, con envío a toda Colombia.</p>","Lattafa","Set de Regalo","set, dama, floral, lattafa","TRUE","Title","Default Title","shopify","3","deny","manual","170000.00","","TRUE","TRUE","https://placehold.co/900x900/0A0A12/C9A84C/png?text=Lattafa","1","Kit Crema + Splash + Perfume Yara","active"
"kit-crema-splash-perfume-yara-candy","Kit Crema + Splash + Perfume Yara Candy","<p>Kit Crema + Splash + Perfume Yara Candy: una fragancia gourmand de Lattafa. Estela distintiva y gran calidad a un precio justo, con envío a toda Colombia.</p>","Lattafa","Set de Regalo","set, dama, gourmand, lattafa","TRUE","Title","Default Title","shopify","3","deny","manual","170000.00","213000.00","TRUE","TRUE","https://placehold.co/900x900/0A0A12/C9A84C/png?text=Lattafa","1","Kit Crema + Splash + Perfume Yara Candy","active"